Number: 153153
Number of solutions: 2
Omitted divisors: [51, 3003, 63, 2431, 221, 693, 231, 663, 273, 561]
Omitted divisors: [91, 1683, 119, 1287, 143, 1071, 153, 1001, 221, 693, 231, 663, 273, 561]


Number: 182325
Number of solutions: 6
Omitted divisors: [55, 3315, 65, 2805, 85, 2145, 255, 715, 325, 561]
Omitted divisors: [75, 2431, 85, 2145, 143, 1275, 165, 1105, 221, 825, 255, 715, 325, 561]
Omitted divisors: [65, 2805, 85, 2145, 165, 1105, 187, 975, 255, 715, 275, 663, 325, 561]
Omitted divisors: [65, 2805, 85, 2145, 143, 1275, 221, 825, 255, 715, 275, 663, 425, 429]
Omitted divisors: [75, 2431, 85, 2145, 143, 1275, 165, 1105, 187, 975, 325, 561, 425, 429]
Omitted divisors: [65, 2805, 85, 2145, 143, 1275, 195, 935, 275, 663, 325, 561, 425, 429]


Number: 218025
Number of solutions: 3
Omitted divisors: [45, 4845, 57, 3825, 153, 1425]
Omitted divisors: [45, 4845, 135, 1615, 153, 1425, 225, 969, 425, 513]
Omitted divisors: [51, 4275, 75, 2907, 255, 855, 323, 675, 459, 475]


Number: 255645
Number of solutions: 1
Omitted divisors: [95, 2691, 115, 2223, 117, 2185, 171, 1495, 207, 1235, 285, 897, 299, 855]


Number: 263925
Number of solutions: 2
Omitted divisors: [75, 3519, 85, 3105, 425, 621]
Omitted divisors: [115, 2295, 153, 1725, 225, 1173, 345, 765, 459, 575]


Number: 272745
Number of solutions: 2
Omitted divisors: [33, 8265, 95, 2871, 145, 1881, 209, 1305, 261, 1045]
Omitted divisors: [45, 6061, 99, 2755, 145, 1881, 209, 1305, 261, 1045, 285, 957, 435, 627]


Number: 309225
Number of solutions: 4
Omitted divisors: [57, 5425, 93, 3325, 95, 3255, 105, 2945, 465, 665]
Omitted divisors: [35, 8835, 93, 3325, 217, 1425, 285, 1085, 465, 665]
Omitted divisors: [57, 5425, 93, 3325, 133, 2325, 217, 1425, 399, 775, 465, 665, 475, 651]
Omitted divisors: [75, 4123, 93, 3325, 105, 2945, 155, 1995, 285, 1085, 465, 665, 525, 589]


Number: 330165
Number of solutions: 10
Omitted divisors: [69, 4785, 115, 2871, 145, 2277, 207, 1595, 261, 1265]
Omitted divisors: [45, 7337, 69, 4785, 319, 1035]
Omitted divisors: [69, 4785, 99, 3335, 145, 2277, 261, 1265, 319, 1035]
Omitted divisors: [115, 2871, 145, 2277, 165, 2001, 207, 1595, 253, 1305, 319, 1035, 345, 957]
Omitted divisors: [87, 3795, 165, 2001, 207, 1595, 253, 1305, 261, 1265, 319, 1035, 345, 957]
Omitted divisors: [69, 4785, 207, 1595, 253, 1305, 261, 1265, 319, 1035, 345, 957, 435, 759]
Omitted divisors: [69, 4785, 115, 2871, 145, 2277, 165, 2001, 495, 667]
Omitted divisors: [69, 4785, 87, 3795, 165, 2001, 261, 1265, 495, 667]
Omitted divisors: [45, 7337, 165, 2001, 261, 1265, 319, 1035, 495, 667]
Omitted divisors: [69, 4785, 165, 2001, 253, 1305, 319, 1035, 345, 957, 435, 759, 495, 667]


Number: 344565
Number of solutions: 1
Omitted divisors: [117, 2945, 155, 2223, 247, 1395, 285, 1209, 585, 589]


Number: 347985
Number of solutions: 3
Omitted divisors: [33, 10545, 99, 3515, 495, 703]
Omitted divisors: [57, 6105, 95, 3663, 171, 2035, 185, 1881, 495, 703]
Omitted divisors: [57, 6105, 171, 2035, 209, 1665, 285, 1221, 407, 855, 495, 703, 555, 627]


Number: 374325
Number of solutions: 3
Omitted divisors: [75, 4991, 105, 3565, 217, 1725, 465, 805, 483, 775]
Omitted divisors: [69, 5425, 155, 2415, 161, 2325, 345, 1085, 575, 651]
Omitted divisors: [155, 2415, 161, 2325, 175, 2139, 217, 1725, 345, 1085, 525, 713, 575, 651]


Number: 387345
Number of solutions: 2
Omitted divisors: [51, 7595, 245, 1581, 465, 833, 527, 735, 595, 651]
Omitted divisors: [119, 3255, 155, 2499, 217, 1785, 357, 1085, 465, 833, 527, 735, 595, 651]


Number: 407745
Number of solutions: 1
Omitted divisors: [123, 3315, 205, 1989, 255, 1599, 533, 765, 615, 663]


Number: 421245
Number of solutions: 1
Omitted divisors: [115, 3663, 185, 2277, 207, 2035, 495, 851, 555, 759]


Number: 428925
Number of solutions: 1
Omitted divisors: [95, 4515, 105, 4085, 175, 2451, 215, 1995, 399, 1075]


Number: 527085
Number of solutions: 1
Omitted divisors: [159, 3315, 255, 2067, 663, 795]


Number: 587265
Number of solutions: 1
Omitted divisors: [141, 4165, 595, 987, 735, 799]


Number: 708225
Number of solutions: 1
Omitted divisors: [133, 5325, 175, 4047, 355, 1995]


Number: 812889
Number of solutions: 18
Omitted divisors: [99, 8211, 153, 5313, 189, 4301, 253, 3213, 297, 2737, 459, 1771, 483, 1683, 561, 1449, 621, 1309]
Omitted divisors: [69, 11781, 161, 5049, 189, 4301, 231, 3519, 253, 3213, 391, 2079, 693, 1173]
Omitted divisors: [63, 12903, 161, 5049, 189, 4301, 253, 3213, 357, 2277, 391, 2079, 693, 1173]
Omitted divisors: [69, 11781, 119, 6831, 189, 4301, 253, 3213, 391, 2079, 561, 1449, 693, 1173]
Omitted divisors: [119, 6831, 153, 5313, 189, 4301, 231, 3519, 253, 3213, 357, 2277, 391, 2079, 561, 1449, 693, 1173]
Omitted divisors: [69, 11781, 153, 5313, 161, 5049, 187, 4347, 483, 1683, 561, 1449, 693, 1173]
Omitted divisors: [63, 12903, 69, 11781, 189, 4301, 621, 1309, 693, 1173]
Omitted divisors: [63, 12903, 153, 5313, 189, 4301, 231, 3519, 357, 2277, 621, 1309, 693, 1173]
Omitted divisors: [119, 6831, 153, 5313, 189, 4301, 207, 3927, 253, 3213, 357, 2277, 483, 1683, 621, 1309, 693, 1173]
Omitted divisors: [69, 11781, 189, 4301, 253, 3213, 357, 2277, 391, 2079, 459, 1771, 483, 1683, 621, 1309, 693, 1173]
Omitted divisors: [63, 12903, 119, 6831, 189, 4301, 391, 2079, 459, 1771, 483, 1683, 759, 1071]
Omitted divisors: [99, 8211, 119, 6831, 231, 3519, 253, 3213, 391, 2079, 459, 1771, 483, 1683, 621, 1309, 759, 1071]
Omitted divisors: [69, 11781, 153, 5313, 189, 4301, 207, 3927, 253, 3213, 693, 1173, 759, 1071]
Omitted divisors: [77, 10557, 189, 4301, 207, 3927, 297, 2737, 357, 2277, 391, 2079, 561, 1449, 693, 1173, 759, 1071]
Omitted divisors: [69, 11781, 119, 6831, 161, 5049, 253, 3213, 621, 1309, 693, 1173, 759, 1071]
Omitted divisors: [119, 6831, 153, 5313, 161, 5049, 231, 3519, 253, 3213, 357, 2277, 621, 1309, 693, 1173, 759, 1071]
Omitted divisors: [69, 11781, 189, 4301, 253, 3213, 297, 2737, 391, 2079, 483, 1683, 621, 1309, 693, 1173, 759, 1071]
Omitted divisors: [153, 5313, 189, 4301, 231, 3519, 253, 3213, 297, 2737, 357, 2277, 391, 2079, 483, 1683, 621, 1309, 693, 1173, 759, 1071]


Number: 827925
Number of solutions: 1
Omitted divisors: [399, 2075, 475, 1743, 525, 1577, 581, 1425, 665, 1245]


Number: 937365
Number of solutions: 623
Omitted divisors: [55, 17043, 57, 16445, 65, 14421, 143, 6555, 165, 5681]
Omitted divisors: [33, 28405, 69, 13585, 115, 8151, 143, 6555, 285, 3289]
Omitted divisors: [33, 28405, 69, 13585, 95, 9867, 195, 4807, 285, 3289]
Omitted divisors: [33, 28405, 115, 8151, 143, 6555, 195, 4807, 209, 4485, 253, 3705, 285, 3289]
Omitted divisors: [39, 24035, 65, 14421, 143, 6555, 209, 4485, 247, 3795, 285, 3289, 345, 2717]
Omitted divisors: [65, 14421, 95, 9867, 115, 8151, 143, 6555, 165, 5681, 209, 4485, 247, 3795, 285, 3289, 345, 2717]
Omitted divisors: [39, 24035, 69, 13585, 115, 8151, 247, 3795, 253, 3705, 285, 3289, 345, 2717]
Omitted divisors: [23, 40755, 143, 6555, 165, 5681, 209, 4485, 429, 2185]
Omitted divisors: [55, 17043, 57, 16445, 95, 9867, 143, 6555, 209, 4485, 345, 2717, 429, 2185]
Omitted divisors: [39, 24035, 65, 14421, 143, 6555, 195, 4807, 209, 4485, 345, 2717, 429, 2185]
Omitted divisors: [65, 14421, 95, 9867, 115, 8151, 143, 6555, 165, 5681, 195, 4807, 209, 4485, 345, 2717, 429, 2185]
Omitted divisors: [39, 24035, 69, 13585, 115, 8151, 195, 4807, 253, 3705, 345, 2717, 429, 2185]
Omitted divisors: [39, 24035, 65, 14421, 115, 8151, 209, 4485, 299, 3135, 345, 2717, 429, 2185]
Omitted divisors: [55, 17043, 57, 16445, 65, 14421, 95, 9867, 437, 2145]
Omitted divisors: [55, 17043, 65, 14421, 95, 9867, 143, 6555, 165, 5681, 253, 3705, 437, 2145]
Omitted divisors: [33, 28405, 95, 9867, 143, 6555, 165, 5681, 247, 3795, 345, 2717, 437, 2145]
Omitted divisors: [55, 17043, 65, 14421, 143, 6555, 195, 4807, 209, 4485, 285, 3289, 299, 3135, 345, 2717, 437, 2145]
Omitted divisors: [55, 17043, 69, 13585, 115, 8151, 195, 4807, 253, 3705, 285, 3289, 299, 3135, 345, 2717, 437, 2145]
Omitted divisors: [23, 40755, 95, 9867, 209, 4485, 429, 2185, 437, 2145]
Omitted divisors: [55, 17043, 65, 14421, 69, 13585, 195, 4807, 209, 4485, 285, 3289, 627, 1495]
Omitted divisors: [39, 24035, 57, 16445, 165, 5681, 209, 4485, 253, 3705, 299, 3135, 627, 1495]
Omitted divisors: [55, 17043, 65, 14421, 69, 13585, 143, 6555, 253, 3705, 429, 2185, 627, 1495]
Omitted divisors: [33, 28405, 69, 13585, 143, 6555, 247, 3795, 345, 2717, 429, 2185, 627, 1495]
Omitted divisors: [33, 28405, 143, 6555, 195, 4807, 209, 4485, 247, 3795, 253, 3705, 345, 2717, 429, 2185, 627, 1495]
Omitted divisors: [55, 17043, 57, 16445, 143, 6555, 195, 4807, 253, 3705, 285, 3289, 345, 2717, 429, 2185, 627, 1495]
Omitted divisors: [33, 28405, 115, 8151, 209, 4485, 247, 3795, 253, 3705, 299, 3135, 345, 2717, 429, 2185, 627, 1495]
Omitted divisors: [55, 17043, 57, 16445, 115, 8151, 253, 3705, 285, 3289, 299, 3135, 345, 2717, 429, 2185, 627, 1495]
Omitted divisors: [39, 24035, 57, 16445, 143, 6555, 209, 4485, 253, 3705, 437, 2145, 627, 1495]
Omitted divisors: [57, 16445, 95, 9867, 115, 8151, 143, 6555, 165, 5681, 209, 4485, 253, 3705, 437, 2145, 627, 1495]
Omitted divisors: [33, 28405, 65, 14421, 195, 4807, 247, 3795, 253, 3705, 437, 2145, 627, 1495]
Omitted divisors: [57, 16445, 65, 14421, 143, 6555, 165, 5681, 195, 4807, 253, 3705, 299, 3135, 437, 2145, 627, 1495]
Omitted divisors: [55, 17043, 65, 14421, 143, 6555, 165, 5681, 209, 4485, 247, 3795, 345, 2717, 437, 2145, 627, 1495]
Omitted divisors: [55, 17043, 69, 13585, 115, 8151, 165, 5681, 247, 3795, 253, 3705, 345, 2717, 437, 2145, 627, 1495]
Omitted divisors: [23, 40755, 209, 4485, 253, 3705, 299, 3135, 345, 2717, 437, 2145, 627, 1495]
Omitted divisors: [69, 13585, 95, 9867, 143, 6555, 165, 5681, 195, 4807, 209, 4485, 285, 3289, 299, 3135, 345, 2717, 437, 2145, 627, 1495]
Omitted divisors: [57, 16445, 95, 9867, 143, 6555, 209, 4485, 247, 3795, 253, 3705, 285, 3289, 299, 3135, 345, 2717, 437, 2145, 627, 1495]
Omitted divisors: [57, 16445, 69, 13585, 115, 8151, 165, 5681, 195, 4807, 247, 3795, 429, 2185, 437, 2145, 627, 1495]
Omitted divisors: [19, 49335, 253, 3705, 429, 2185, 437, 2145, 627, 1495]
Omitted divisors: [55, 17043, 65, 14421, 115, 8151, 165, 5681, 247, 3795, 285, 3289, 429, 2185, 437, 2145, 627, 1495]
Omitted divisors: [23, 40755, 195, 4807, 253, 3705, 285, 3289, 429, 2185, 437, 2145, 627, 1495]
Omitted divisors: [57, 16445, 69, 13585, 95, 9867, 143, 6555, 299, 3135, 345, 2717, 429, 2185, 437, 2145, 627, 1495]
Omitted divisors: [57, 16445, 95, 9867, 143, 6555, 195, 4807, 209, 4485, 253, 3705, 299, 3135, 345, 2717, 429, 2185, 437, 2145, 627, 1495]
Omitted divisors: [39, 24035, 57, 16445, 143, 6555, 209, 4485, 285, 3289, 345, 2717, 715, 1311]
Omitted divisors: [57, 16445, 95, 9867, 115, 8151, 143, 6555, 165, 5681, 209, 4485, 285, 3289, 345, 2717, 715, 1311]
Omitted divisors: [33, 28405, 65, 14421, 195, 4807, 247, 3795, 285, 3289, 345, 2717, 715, 1311]
Omitted divisors: [57, 16445, 65, 14421, 143, 6555, 165, 5681, 195, 4807, 285, 3289, 299, 3135, 345, 2717, 715, 1311]
Omitted divisors: [39, 24035, 95, 9867, 165, 5681, 209, 4485, 253, 3705, 285, 3289, 299, 3135, 345, 2717, 715, 1311]
Omitted divisors: [55, 17043, 57, 16445, 69, 13585, 209, 4485, 247, 3795, 429, 2185, 715, 1311]
Omitted divisors: [65, 14421, 69, 13585, 115, 8151, 165, 5681, 195, 4807, 209, 4485, 247, 3795, 429, 2185, 715, 1311]
Omitted divisors: [55, 17043, 69, 13585, 143, 6555, 165, 5681, 209, 4485, 247, 3795, 253, 3705, 429, 2185, 715, 1311]
Omitted divisors: [33, 28405, 57, 16445, 247, 3795, 285, 3289, 299, 3135, 429, 2185, 715, 1311]
Omitted divisors: [33, 28405, 143, 6555, 165, 5681, 247, 3795, 253, 3705, 285, 3289, 299, 3135, 429, 2185, 715, 1311]
Omitted divisors: [19, 49335, 285, 3289, 345, 2717, 429, 2185, 715, 1311]
Omitted divisors: [65, 14421, 69, 13585, 95, 9867, 143, 6555, 209, 4485, 299, 3135, 345, 2717, 429, 2185, 715, 1311]
Omitted divisors: [33, 28405, 55, 17043, 253, 3705, 299, 3135, 345, 2717, 429, 2185, 715, 1311]
Omitted divisors: [55, 17043, 57, 16445, 165, 5681, 195, 4807, 247, 3795, 253, 3705, 285, 3289, 437, 2145, 715, 1311]
Omitted divisors: [39, 24035, 95, 9867, 143, 6555, 209, 4485, 253, 3705, 285, 3289, 345, 2717, 437, 2145, 715, 1311]
Omitted divisors: [57, 16445, 65, 14421, 115, 8151, 143, 6555, 285, 3289, 299, 3135, 345, 2717, 437, 2145, 715, 1311]
Omitted divisors: [57, 16445, 65, 14421, 95, 9867, 195, 4807, 285, 3289, 299, 3135, 345, 2717, 437, 2145, 715, 1311]
Omitted divisors: [65, 14421, 95, 9867, 143, 6555, 165, 5681, 195, 4807, 253, 3705, 285, 3289, 299, 3135, 345, 2717, 437, 2145, 715, 1311]
Omitted divisors: [55, 17043, 69, 13585, 95, 9867, 209, 4485, 247, 3795, 253, 3705, 429, 2185, 437, 2145, 715, 1311]
Omitted divisors: [33, 28405, 115, 8151, 195, 4807, 209, 4485, 285, 3289, 299, 3135, 429, 2185, 437, 2145, 715, 1311]
Omitted divisors: [33, 28405, 95, 9867, 247, 3795, 253, 3705, 285, 3289, 299, 3135, 429, 2185, 437, 2145, 715, 1311]
Omitted divisors: [39, 24035, 69, 13585, 195, 4807, 247, 3795, 285, 3289, 345, 2717, 429, 2185, 437, 2145, 715, 1311]
Omitted divisors: [69, 13585, 95, 9867, 115, 8151, 165, 5681, 195, 4807, 247, 3795, 285, 3289, 345, 2717, 429, 2185, 437, 2145, 715, 1311]
Omitted divisors: [57, 16445, 65, 14421, 69, 13585, 115, 8151, 285, 3289, 627, 1495, 715, 1311]
Omitted divisors: [65, 14421, 69, 13585, 115, 8151, 143, 6555, 165, 5681, 253, 3705, 285, 3289, 627, 1495, 715, 1311]
Omitted divisors: [65, 14421, 69, 13585, 95, 9867, 165, 5681, 195, 4807, 253, 3705, 285, 3289, 627, 1495, 715, 1311]
Omitted divisors: [57, 16445, 65, 14421, 115, 8151, 195, 4807, 209, 4485, 253, 3705, 285, 3289, 627, 1495, 715, 1311]
Omitted divisors: [69, 13585, 95, 9867, 115, 8151, 143, 6555, 209, 4485, 253, 3705, 285, 3289, 345, 2717, 429, 2185, 627, 1495, 715, 1311]
Omitted divisors: [65, 14421, 69, 13585, 143, 6555, 195, 4807, 253, 3705, 285, 3289, 299, 3135, 345, 2717, 429, 2185, 627, 1495, 715, 1311]
Omitted divisors: [33, 28405, 57, 16445, 195, 4807, 253, 3705, 437, 2145, 627, 1495, 715, 1311]
Omitted divisors: [65, 14421, 69, 13585, 95, 9867, 115, 8151, 253, 3705, 285, 3289, 437, 2145, 627, 1495, 715, 1311]
Omitted divisors: [55, 17043, 57, 16445, 143, 6555, 165, 5681, 209, 4485, 345, 2717, 437, 2145, 627, 1495, 715, 1311]
Omitted divisors: [57, 16445, 65, 14421, 95, 9867, 165, 5681, 247, 3795, 345, 2717, 437, 2145, 627, 1495, 715, 1311]
Omitted divisors: [33, 28405, 115, 8151, 165, 5681, 209, 4485, 247, 3795, 429, 2185, 437, 2145, 627, 1495, 715, 1311]
Omitted divisors: [55, 17043, 57, 16445, 115, 8151, 165, 5681, 285, 3289, 429, 2185, 437, 2145, 627, 1495, 715, 1311]
Omitted divisors: [57, 16445, 69, 13585, 195, 4807, 209, 4485, 247, 3795, 253, 3705, 299, 3135, 429, 2185, 437, 2145, 627, 1495, 715, 1311]
Omitted divisors: [55, 17043, 65, 14421, 209, 4485, 247, 3795, 253, 3705, 285, 3289, 299, 3135, 429, 2185, 437, 2145, 627, 1495, 715, 1311]
Omitted divisors: [39, 24035, 65, 14421, 115, 8151, 209, 4485, 247, 3795, 345, 2717, 741, 1265]
Omitted divisors: [55, 17043, 57, 16445, 65, 14421, 247, 3795, 299, 3135, 345, 2717, 741, 1265]
Omitted divisors: [55, 17043, 65, 14421, 143, 6555, 165, 5681, 247, 3795, 253, 3705, 299, 3135, 345, 2717, 741, 1265]
Omitted divisors: [39, 24035, 57, 16445, 143, 6555, 209, 4485, 247, 3795, 429, 2185, 741, 1265]
Omitted divisors: [57, 16445, 95, 9867, 115, 8151, 143, 6555, 165, 5681, 209, 4485, 247, 3795, 429, 2185, 741, 1265]
Omitted divisors: [57, 16445, 65, 14421, 143, 6555, 165, 5681, 195, 4807, 247, 3795, 299, 3135, 429, 2185, 741, 1265]
Omitted divisors: [39, 24035, 95, 9867, 165, 5681, 209, 4485, 247, 3795, 253, 3705, 299, 3135, 429, 2185, 741, 1265]
Omitted divisors: [23, 40755, 209, 4485, 247, 3795, 299, 3135, 345, 2717, 429, 2185, 741, 1265]
Omitted divisors: [55, 17043, 57, 16445, 143, 6555, 209, 4485, 247, 3795, 285, 3289, 299, 3135, 437, 2145, 741, 1265]
Omitted divisors: [65, 14421, 115, 8151, 143, 6555, 165, 5681, 195, 4807, 209, 4485, 247, 3795, 285, 3289, 299, 3135, 437, 2145, 741, 1265]
Omitted divisors: [55, 17043, 65, 14421, 115, 8151, 195, 4807, 209, 4485, 299, 3135, 345, 2717, 437, 2145, 741, 1265]
Omitted divisors: [55, 17043, 65, 14421, 95, 9867, 247, 3795, 253, 3705, 299, 3135, 345, 2717, 437, 2145, 741, 1265]
Omitted divisors: [39, 24035, 95, 9867, 143, 6555, 209, 4485, 247, 3795, 253, 3705, 429, 2185, 437, 2145, 741, 1265]
Omitted divisors: [55, 17043, 57, 16445, 143, 6555, 195, 4807, 209, 4485, 299, 3135, 429, 2185, 437, 2145, 741, 1265]
Omitted divisors: [57, 16445, 65, 14421, 115, 8151, 143, 6555, 247, 3795, 299, 3135, 429, 2185, 437, 2145, 741, 1265]
Omitted divisors: [57, 16445, 65, 14421, 95, 9867, 195, 4807, 247, 3795, 299, 3135, 429, 2185, 437, 2145, 741, 1265]
Omitted divisors: [65, 14421, 95, 9867, 143, 6555, 165, 5681, 195, 4807, 247, 3795, 253, 3705, 299, 3135, 429, 2185, 437, 2145, 741, 1265]
Omitted divisors: [65, 14421, 69, 13585, 95, 9867, 143, 6555, 209, 4485, 285, 3289, 299, 3135, 627, 1495, 741, 1265]
Omitted divisors: [33, 28405, 55, 17043, 253, 3705, 285, 3289, 299, 3135, 627, 1495, 741, 1265]
Omitted divisors: [55, 17043, 69, 13585, 115, 8151, 165, 5681, 195, 4807, 285, 3289, 345, 2717, 627, 1495, 741, 1265]
Omitted divisors: [55, 17043, 57, 16445, 115, 8151, 247, 3795, 253, 3705, 285, 3289, 345, 2717, 627, 1495, 741, 1265]
Omitted divisors: [57, 16445, 69, 13585, 95, 9867, 165, 5681, 247, 3795, 299, 3135, 345, 2717, 627, 1495, 741, 1265]
Omitted divisors: [57, 16445, 115, 8151, 143, 6555, 165, 5681, 209, 4485, 247, 3795, 253, 3705, 299, 3135, 345, 2717, 627, 1495, 741, 1265]
Omitted divisors: [57, 16445, 95, 9867, 165, 5681, 195, 4807, 209, 4485, 247, 3795, 253, 3705, 299, 3135, 345, 2717, 627, 1495, 741, 1265]
Omitted divisors: [57, 16445, 115, 8151, 143, 6555, 165, 5681, 195, 4807, 247, 3795, 253, 3705, 285, 3289, 429, 2185, 627, 1495, 741, 1265]
Omitted divisors: [55, 17043, 57, 16445, 115, 8151, 195, 4807, 253, 3705, 345, 2717, 429, 2185, 627, 1495, 741, 1265]
Omitted divisors: [55, 17043, 65, 14421, 95, 9867, 165, 5681, 299, 3135, 345, 2717, 429, 2185, 627, 1495, 741, 1265]
Omitted divisors: [57, 16445, 69, 13585, 95, 9867, 143, 6555, 247, 3795, 345, 2717, 437, 2145, 627, 1495, 741, 1265]
Omitted divisors: [57, 16445, 95, 9867, 143, 6555, 195, 4807, 209, 4485, 247, 3795, 253, 3705, 345, 2717, 437, 2145, 627, 1495, 741, 1265]
Omitted divisors: [39, 24035, 69, 13585, 195, 4807, 209, 4485, 299, 3135, 345, 2717, 437, 2145, 627, 1495, 741, 1265]
Omitted divisors: [69, 13585, 95, 9867, 115, 8151, 165, 5681, 195, 4807, 209, 4485, 299, 3135, 345, 2717, 437, 2145, 627, 1495, 741, 1265]
Omitted divisors: [57, 16445, 95, 9867, 115, 8151, 209, 4485, 247, 3795, 253, 3705, 299, 3135, 345, 2717, 437, 2145, 627, 1495, 741, 1265]
Omitted divisors: [57, 16445, 95, 9867, 115, 8151, 195, 4807, 247, 3795, 253, 3705, 285, 3289, 429, 2185, 437, 2145, 627, 1495, 741, 1265]
Omitted divisors: [55, 17043, 95, 9867, 143, 6555, 165, 5681, 209, 4485, 285, 3289, 299, 3135, 429, 2185, 437, 2145, 627, 1495, 741, 1265]
Omitted divisors: [55, 17043, 65, 14421, 95, 9867, 143, 6555, 345, 2717, 429, 2185, 437, 2145, 627, 1495, 741, 1265]
Omitted divisors: [39, 24035, 69, 13585, 95, 9867, 165, 5681, 345, 2717, 715, 1311, 741, 1265]
Omitted divisors: [39, 24035, 57, 16445, 115, 8151, 209, 4485, 345, 2717, 715, 1311, 741, 1265]
Omitted divisors: [65, 14421, 69, 13585, 95, 9867, 143, 6555, 209, 4485, 247, 3795, 345, 2717, 715, 1311, 741, 1265]
Omitted divisors: [39, 24035, 115, 8151, 143, 6555, 165, 5681, 209, 4485, 253, 3705, 345, 2717, 715, 1311, 741, 1265]
Omitted divisors: [39, 24035, 95, 9867, 165, 5681, 195, 4807, 209, 4485, 253, 3705, 345, 2717, 715, 1311, 741, 1265]
Omitted divisors: [33, 28405, 55, 17043, 247, 3795, 253, 3705, 345, 2717, 715, 1311, 741, 1265]
Omitted divisors: [57, 16445, 65, 14421, 115, 8151, 165, 5681, 195, 4807, 299, 3135, 345, 2717, 715, 1311, 741, 1265]
Omitted divisors: [55, 17043, 57, 16445, 143, 6555, 165, 5681, 253, 3705, 299, 3135, 345, 2717, 715, 1311, 741, 1265]
Omitted divisors: [33, 28405, 57, 16445, 195, 4807, 247, 3795, 429, 2185, 715, 1311, 741, 1265]
Omitted divisors: [33, 28405, 143, 6555, 165, 5681, 195, 4807, 247, 3795, 253, 3705, 429, 2185, 715, 1311, 741, 1265]
Omitted divisors: [55, 17043, 69, 13585, 115, 8151, 143, 6555, 209, 4485, 285, 3289, 429, 2185, 715, 1311, 741, 1265]
Omitted divisors: [55, 17043, 69, 13585, 95, 9867, 195, 4807, 209, 4485, 285, 3289, 429, 2185, 715, 1311, 741, 1265]
Omitted divisors: [65, 14421, 69, 13585, 95, 9867, 115, 8151, 247, 3795, 285, 3289, 429, 2185, 715, 1311, 741, 1265]
Omitted divisors: [65, 14421, 95, 9867, 115, 8151, 195, 4807, 209, 4485, 247, 3795, 253, 3705, 285, 3289, 429, 2185, 715, 1311, 741, 1265]
Omitted divisors: [33, 28405, 115, 8151, 165, 5681, 247, 3795, 253, 3705, 299, 3135, 429, 2185, 715, 1311, 741, 1265]
Omitted divisors: [33, 28405, 115, 8151, 195, 4807, 209, 4485, 247, 3795, 285, 3289, 437, 2145, 715, 1311, 741, 1265]
Omitted divisors: [23, 40755, 165, 5681, 253, 3705, 299, 3135, 437, 2145, 715, 1311, 741, 1265]
Omitted divisors: [57, 16445, 115, 8151, 143, 6555, 165, 5681, 195, 4807, 209, 4485, 285, 3289, 299, 3135, 437, 2145, 715, 1311, 741, 1265]
Omitted divisors: [57, 16445, 95, 9867, 143, 6555, 165, 5681, 247, 3795, 253, 3705, 285, 3289, 299, 3135, 437, 2145, 715, 1311, 741, 1265]
Omitted divisors: [57, 16445, 65, 14421, 115, 8151, 143, 6555, 195, 4807, 345, 2717, 437, 2145, 715, 1311, 741, 1265]
Omitted divisors: [39, 24035, 95, 9867, 115, 8151, 209, 4485, 253, 3705, 345, 2717, 437, 2145, 715, 1311, 741, 1265]
Omitted divisors: [55, 17043, 57, 16445, 95, 9867, 253, 3705, 299, 3135, 345, 2717, 437, 2145, 715, 1311, 741, 1265]
Omitted divisors: [39, 24035, 65, 14421, 195, 4807, 253, 3705, 299, 3135, 345, 2717, 437, 2145, 715, 1311, 741, 1265]
Omitted divisors: [65, 14421, 95, 9867, 115, 8151, 165, 5681, 195, 4807, 253, 3705, 299, 3135, 345, 2717, 437, 2145, 715, 1311, 741, 1265]
Omitted divisors: [33, 28405, 115, 8151, 143, 6555, 247, 3795, 253, 3705, 429, 2185, 437, 2145, 715, 1311, 741, 1265]
Omitted divisors: [33, 28405, 95, 9867, 195, 4807, 247, 3795, 253, 3705, 429, 2185, 437, 2145, 715, 1311, 741, 1265]
Omitted divisors: [57, 16445, 95, 9867, 143, 6555, 165, 5681, 195, 4807, 253, 3705, 299, 3135, 429, 2185, 437, 2145, 715, 1311, 741, 1265]
Omitted divisors: [55, 17043, 95, 9867, 143, 6555, 165, 5681, 209, 4485, 247, 3795, 345, 2717, 429, 2185, 437, 2145, 715, 1311, 741, 1265]
Omitted divisors: [65, 14421, 69, 13585, 143, 6555, 195, 4807, 247, 3795, 253, 3705, 285, 3289, 345, 2717, 627, 1495, 715, 1311, 741, 1265]
Omitted divisors: [39, 24035, 65, 14421, 165, 5681, 285, 3289, 299, 3135, 345, 2717, 627, 1495, 715, 1311, 741, 1265]
Omitted divisors: [55, 17043, 69, 13585, 195, 4807, 209, 4485, 253, 3705, 285, 3289, 299, 3135, 345, 2717, 627, 1495, 715, 1311, 741, 1265]
Omitted divisors: [65, 14421, 69, 13585, 115, 8151, 247, 3795, 253, 3705, 285, 3289, 299, 3135, 345, 2717, 627, 1495, 715, 1311, 741, 1265]
Omitted divisors: [33, 28405, 95, 9867, 165, 5681, 247, 3795, 285, 3289, 429, 2185, 627, 1495, 715, 1311, 741, 1265]
Omitted divisors: [57, 16445, 69, 13585, 143, 6555, 247, 3795, 253, 3705, 285, 3289, 299, 3135, 429, 2185, 627, 1495, 715, 1311, 741, 1265]
Omitted divisors: [65, 14421, 69, 13585, 115, 8151, 195, 4807, 253, 3705, 299, 3135, 345, 2717, 429, 2185, 627, 1495, 715, 1311, 741, 1265]
Omitted divisors: [39, 24035, 65, 14421, 143, 6555, 285, 3289, 345, 2717, 437, 2145, 627, 1495, 715, 1311, 741, 1265]
Omitted divisors: [65, 14421, 95, 9867, 115, 8151, 143, 6555, 165, 5681, 285, 3289, 345, 2717, 437, 2145, 627, 1495, 715, 1311, 741, 1265]
Omitted divisors: [55, 17043, 65, 14421, 69, 13585, 247, 3795, 429, 2185, 437, 2145, 627, 1495, 715, 1311, 741, 1265]
Omitted divisors: [55, 17043, 65, 14421, 195, 4807, 209, 4485, 247, 3795, 253, 3705, 429, 2185, 437, 2145, 627, 1495, 715, 1311, 741, 1265]
Omitted divisors: [69, 13585, 115, 8151, 143, 6555, 195, 4807, 209, 4485, 253, 3705, 285, 3289, 299, 3135, 429, 2185, 437, 2145, 627, 1495, 715, 1311, 741, 1265]
Omitted divisors: [55, 17043, 57, 16445, 195, 4807, 247, 3795, 285, 3289, 345, 2717, 429, 2185, 437, 2145, 627, 1495, 715, 1311, 741, 1265]
Omitted divisors: [55, 17043, 143, 6555, 165, 5681, 195, 4807, 247, 3795, 253, 3705, 285, 3289, 345, 2717, 429, 2185, 437, 2145, 627, 1495, 715, 1311, 741, 1265]
Omitted divisors: [57, 16445, 143, 6555, 165, 5681, 195, 4807, 209, 4485, 247, 3795, 299, 3135, 345, 2717, 429, 2185, 437, 2145, 627, 1495, 715, 1311, 741, 1265]
Omitted divisors: [55, 17043, 115, 8151, 165, 5681, 247, 3795, 253, 3705, 285, 3289, 299, 3135, 345, 2717, 429, 2185, 437, 2145, 627, 1495, 715, 1311, 741, 1265]
Omitted divisors: [39, 24035, 57, 16445, 65, 14421, 285, 3289, 759, 1235]
Omitted divisors: [57, 16445, 65, 14421, 95, 9867, 115, 8151, 165, 5681, 285, 3289, 759, 1235]
Omitted divisors: [39, 24035, 65, 14421, 143, 6555, 165, 5681, 253, 3705, 285, 3289, 759, 1235]
Omitted divisors: [55, 17043, 57, 16445, 165, 5681, 209, 4485, 247, 3795, 253, 3705, 299, 3135, 345, 2717, 759, 1235]
Omitted divisors: [55, 17043, 57, 16445, 165, 5681, 195, 4807, 247, 3795, 253, 3705, 285, 3289, 429, 2185, 759, 1235]
Omitted divisors: [39, 24035, 95, 9867, 143, 6555, 209, 4485, 253, 3705, 285, 3289, 345, 2717, 429, 2185, 759, 1235]
Omitted divisors: [57, 16445, 65, 14421, 115, 8151, 143, 6555, 285, 3289, 299, 3135, 345, 2717, 429, 2185, 759, 1235]
Omitted divisors: [57, 16445, 65, 14421, 95, 9867, 195, 4807, 285, 3289, 299, 3135, 345, 2717, 429, 2185, 759, 1235]
Omitted divisors: [65, 14421, 95, 9867, 143, 6555, 165, 5681, 195, 4807, 253, 3705, 285, 3289, 299, 3135, 345, 2717, 429, 2185, 759, 1235]
Omitted divisors: [39, 24035, 65, 14421, 95, 9867, 253, 3705, 285, 3289, 437, 2145, 759, 1235]
Omitted divisors: [33, 28405, 65, 14421, 195, 4807, 209, 4485, 299, 3135, 437, 2145, 759, 1235]
Omitted divisors: [55, 17043, 69, 13585, 143, 6555, 165, 5681, 195, 4807, 209, 4485, 345, 2717, 437, 2145, 759, 1235]
Omitted divisors: [65, 14421, 69, 13585, 115, 8151, 143, 6555, 165, 5681, 247, 3795, 345, 2717, 437, 2145, 759, 1235]
Omitted divisors: [65, 14421, 69, 13585, 95, 9867, 165, 5681, 195, 4807, 247, 3795, 345, 2717, 437, 2145, 759, 1235]
Omitted divisors: [57, 16445, 65, 14421, 115, 8151, 195, 4807, 209, 4485, 247, 3795, 345, 2717, 437, 2145, 759, 1235]
Omitted divisors: [55, 17043, 57, 16445, 143, 6555, 209, 4485, 247, 3795, 253, 3705, 345, 2717, 437, 2145, 759, 1235]
Omitted divisors: [65, 14421, 115, 8151, 143, 6555, 165, 5681, 195, 4807, 209, 4485, 247, 3795, 253, 3705, 345, 2717, 437, 2145, 759, 1235]
Omitted divisors: [55, 17043, 69, 13585, 115, 8151, 165, 5681, 209, 4485, 299, 3135, 345, 2717, 437, 2145, 759, 1235]
Omitted divisors: [33, 28405, 143, 6555, 165, 5681, 195, 4807, 285, 3289, 299, 3135, 345, 2717, 437, 2145, 759, 1235]
Omitted divisors: [55, 17043, 69, 13585, 115, 8151, 165, 5681, 195, 4807, 285, 3289, 429, 2185, 437, 2145, 759, 1235]
Omitted divisors: [55, 17043, 57, 16445, 115, 8151, 247, 3795, 253, 3705, 285, 3289, 429, 2185, 437, 2145, 759, 1235]
Omitted divisors: [57, 16445, 69, 13585, 95, 9867, 165, 5681, 247, 3795, 299, 3135, 429, 2185, 437, 2145, 759, 1235]
Omitted divisors: [57, 16445, 115, 8151, 143, 6555, 165, 5681, 209, 4485, 247, 3795, 253, 3705, 299, 3135, 429, 2185, 437, 2145, 759, 1235]
Omitted divisors: [57, 16445, 95, 9867, 165, 5681, 195, 4807, 209, 4485, 247, 3795, 253, 3705, 299, 3135, 429, 2185, 437, 2145, 759, 1235]
Omitted divisors: [65, 14421, 95, 9867, 115, 8151, 143, 6555, 253, 3705, 285, 3289, 299, 3135, 345, 2717, 429, 2185, 437, 2145, 759, 1235]
Omitted divisors: [33, 28405, 69, 13585, 165, 5681, 195, 4807, 285, 3289, 627, 1495, 759, 1235]
Omitted divisors: [33, 28405, 57, 16445, 247, 3795, 253, 3705, 285, 3289, 627, 1495, 759, 1235]
Omitted divisors: [65, 14421, 69, 13585, 95, 9867, 143, 6555, 209, 4485, 253, 3705, 345, 2717, 627, 1495, 759, 1235]
Omitted divisors: [33, 28405, 57, 16445, 195, 4807, 253, 3705, 429, 2185, 627, 1495, 759, 1235]
Omitted divisors: [65, 14421, 69, 13585, 95, 9867, 115, 8151, 253, 3705, 285, 3289, 429, 2185, 627, 1495, 759, 1235]
Omitted divisors: [55, 17043, 57, 16445, 143, 6555, 165, 5681, 209, 4485, 345, 2717, 429, 2185, 627, 1495, 759, 1235]
Omitted divisors: [57, 16445, 65, 14421, 95, 9867, 165, 5681, 247, 3795, 345, 2717, 429, 2185, 627, 1495, 759, 1235]
Omitted divisors: [55, 17043, 57, 16445, 65, 14421, 165, 5681, 437, 2145, 627, 1495, 759, 1235]
Omitted divisors: [33, 28405, 69, 13585, 115, 8151, 285, 3289, 437, 2145, 627, 1495, 759, 1235]
Omitted divisors: [33, 28405, 115, 8151, 195, 4807, 209, 4485, 253, 3705, 285, 3289, 437, 2145, 627, 1495, 759, 1235]
Omitted divisors: [39, 24035, 65, 14421, 209, 4485, 247, 3795, 285, 3289, 345, 2717, 437, 2145, 627, 1495, 759, 1235]
Omitted divisors: [65, 14421, 95, 9867, 115, 8151, 165, 5681, 209, 4485, 247, 3795, 285, 3289, 345, 2717, 437, 2145, 627, 1495, 759, 1235]
Omitted divisors: [23, 40755, 165, 5681, 209, 4485, 429, 2185, 437, 2145, 627, 1495, 759, 1235]
Omitted divisors: [57, 16445, 95, 9867, 143, 6555, 165, 5681, 209, 4485, 247, 3795, 285, 3289, 429, 2185, 437, 2145, 627, 1495, 759, 1235]
Omitted divisors: [55, 17043, 57, 16445, 95, 9867, 209, 4485, 345, 2717, 429, 2185, 437, 2145, 627, 1495, 759, 1235]
Omitted divisors: [39, 24035, 65, 14421, 195, 4807, 209, 4485, 345, 2717, 429, 2185, 437, 2145, 627, 1495, 759, 1235]
Omitted divisors: [65, 14421, 95, 9867, 115, 8151, 165, 5681, 195, 4807, 209, 4485, 345, 2717, 429, 2185, 437, 2145, 627, 1495, 759, 1235]
Omitted divisors: [55, 17043, 95, 9867, 143, 6555, 165, 5681, 209, 4485, 253, 3705, 345, 2717, 429, 2185, 437, 2145, 627, 1495, 759, 1235]
Omitted divisors: [57, 16445, 65, 14421, 95, 9867, 209, 4485, 253, 3705, 285, 3289, 299, 3135, 715, 1311, 759, 1235]
Omitted divisors: [39, 24035, 69, 13585, 209, 4485, 247, 3795, 253, 3705, 285, 3289, 429, 2185, 715, 1311, 759, 1235]
Omitted divisors: [69, 13585, 95, 9867, 115, 8151, 165, 5681, 209, 4485, 247, 3795, 253, 3705, 285, 3289, 429, 2185, 715, 1311, 759, 1235]
Omitted divisors: [65, 14421, 69, 13585, 165, 5681, 195, 4807, 247, 3795, 253, 3705, 285, 3289, 299, 3135, 429, 2185, 715, 1311, 759, 1235]
Omitted divisors: [33, 28405, 115, 8151, 143, 6555, 253, 3705, 285, 3289, 345, 2717, 429, 2185, 715, 1311, 759, 1235]
Omitted divisors: [33, 28405, 95, 9867, 195, 4807, 253, 3705, 285, 3289, 345, 2717, 429, 2185, 715, 1311, 759, 1235]
Omitted divisors: [57, 16445, 69, 13585, 115, 8151, 143, 6555, 165, 5681, 345, 2717, 437, 2145, 715, 1311, 759, 1235]
Omitted divisors: [57, 16445, 69, 13585, 95, 9867, 165, 5681, 195, 4807, 345, 2717, 437, 2145, 715, 1311, 759, 1235]
Omitted divisors: [57, 16445, 115, 8151, 143, 6555, 165, 5681, 195, 4807, 209, 4485, 253, 3705, 345, 2717, 437, 2145, 715, 1311, 759, 1235]
Omitted divisors: [55, 17043, 65, 14421, 95, 9867, 165, 5681, 285, 3289, 345, 2717, 437, 2145, 715, 1311, 759, 1235]
Omitted divisors: [39, 24035, 69, 13585, 165, 5681, 253, 3705, 299, 3135, 345, 2717, 437, 2145, 715, 1311, 759, 1235]
Omitted divisors: [65, 14421, 69, 13585, 143, 6555, 209, 4485, 247, 3795, 253, 3705, 299, 3135, 345, 2717, 437, 2145, 715, 1311, 759, 1235]
Omitted divisors: [65, 14421, 69, 13585, 143, 6555, 195, 4807, 247, 3795, 253, 3705, 285, 3289, 429, 2185, 437, 2145, 715, 1311, 759, 1235]
Omitted divisors: [39, 24035, 65, 14421, 165, 5681, 285, 3289, 299, 3135, 429, 2185, 437, 2145, 715, 1311, 759, 1235]
Omitted divisors: [55, 17043, 69, 13585, 195, 4807, 209, 4485, 253, 3705, 285, 3289, 299, 3135, 429, 2185, 437, 2145, 715, 1311, 759, 1235]
Omitted divisors: [65, 14421, 69, 13585, 115, 8151, 247, 3795, 253, 3705, 285, 3289, 299, 3135, 429, 2185, 437, 2145, 715, 1311, 759, 1235]
Omitted divisors: [57, 16445, 69, 13585, 195, 4807, 209, 4485, 247, 3795, 253, 3705, 285, 3289, 345, 2717, 627, 1495, 715, 1311, 759, 1235]
Omitted divisors: [55, 17043, 65, 14421, 69, 13585, 285, 3289, 345, 2717, 429, 2185, 627, 1495, 715, 1311, 759, 1235]
Omitted divisors: [55, 17043, 65, 14421, 195, 4807, 209, 4485, 253, 3705, 285, 3289, 345, 2717, 429, 2185, 627, 1495, 715, 1311, 759, 1235]
Omitted divisors: [65, 14421, 69, 13585, 143, 6555, 165, 5681, 209, 4485, 299, 3135, 345, 2717, 429, 2185, 627, 1495, 715, 1311, 759, 1235]
Omitted divisors: [39, 24035, 57, 16445, 209, 4485, 285, 3289, 345, 2717, 437, 2145, 627, 1495, 715, 1311, 759, 1235]
Omitted divisors: [57, 16445, 95, 9867, 115, 8151, 165, 5681, 209, 4485, 285, 3289, 345, 2717, 437, 2145, 627, 1495, 715, 1311, 759, 1235]
Omitted divisors: [39, 24035, 143, 6555, 165, 5681, 209, 4485, 253, 3705, 285, 3289, 345, 2717, 437, 2145, 627, 1495, 715, 1311, 759, 1235]
Omitted divisors: [57, 16445, 65, 14421, 165, 5681, 195, 4807, 285, 3289, 299, 3135, 345, 2717, 437, 2145, 627, 1495, 715, 1311, 759, 1235]
Omitted divisors: [55, 17043, 69, 13585, 165, 5681, 209, 4485, 247, 3795, 253, 3705, 429, 2185, 437, 2145, 627, 1495, 715, 1311, 759, 1235]
Omitted divisors: [33, 28405, 165, 5681, 247, 3795, 253, 3705, 285, 3289, 299, 3135, 429, 2185, 437, 2145, 627, 1495, 715, 1311, 759, 1235]
Omitted divisors: [65, 14421, 69, 13585, 95, 9867, 209, 4485, 299, 3135, 345, 2717, 429, 2185, 437, 2145, 627, 1495, 715, 1311, 759, 1235]
Omitted divisors: [55, 17043, 65, 14421, 69, 13585, 143, 6555, 209, 4485, 741, 1265, 759, 1235]
Omitted divisors: [39, 24035, 65, 14421, 115, 8151, 165, 5681, 253, 3705, 741, 1265, 759, 1235]
Omitted divisors: [33, 28405, 65, 14421, 143, 6555, 285, 3289, 299, 3135, 741, 1265, 759, 1235]
Omitted divisors: [55, 17043, 57, 16445, 143, 6555, 195, 4807, 209, 4485, 285, 3289, 345, 2717, 741, 1265, 759, 1235]
Omitted divisors: [57, 16445, 65, 14421, 115, 8151, 143, 6555, 247, 3795, 285, 3289, 345, 2717, 741, 1265, 759, 1235]
Omitted divisors: [57, 16445, 65, 14421, 95, 9867, 195, 4807, 247, 3795, 285, 3289, 345, 2717, 741, 1265, 759, 1235]
Omitted divisors: [65, 14421, 95, 9867, 143, 6555, 165, 5681, 195, 4807, 247, 3795, 253, 3705, 285, 3289, 345, 2717, 741, 1265, 759, 1235]
Omitted divisors: [55, 17043, 69, 13585, 95, 9867, 165, 5681, 285, 3289, 299, 3135, 345, 2717, 741, 1265, 759, 1235]
Omitted divisors: [55, 17043, 57, 16445, 115, 8151, 209, 4485, 285, 3289, 299, 3135, 345, 2717, 741, 1265, 759, 1235]
Omitted divisors: [55, 17043, 115, 8151, 143, 6555, 165, 5681, 209, 4485, 253, 3705, 285, 3289, 299, 3135, 345, 2717, 741, 1265, 759, 1235]
Omitted divisors: [55, 17043, 95, 9867, 165, 5681, 195, 4807, 209, 4485, 253, 3705, 285, 3289, 299, 3135, 345, 2717, 741, 1265, 759, 1235]
Omitted divisors: [39, 24035, 65, 14421, 247, 3795, 253, 3705, 285, 3289, 299, 3135, 345, 2717, 741, 1265, 759, 1235]
Omitted divisors: [65, 14421, 95, 9867, 115, 8151, 165, 5681, 247, 3795, 253, 3705, 285, 3289, 299, 3135, 345, 2717, 741, 1265, 759, 1235]
Omitted divisors: [33, 28405, 115, 8151, 195, 4807, 209, 4485, 247, 3795, 285, 3289, 429, 2185, 741, 1265, 759, 1235]
Omitted divisors: [23, 40755, 165, 5681, 253, 3705, 299, 3135, 429, 2185, 741, 1265, 759, 1235]
Omitted divisors: [57, 16445, 115, 8151, 143, 6555, 165, 5681, 195, 4807, 209, 4485, 285, 3289, 299, 3135, 429, 2185, 741, 1265, 759, 1235]
Omitted divisors: [57, 16445, 95, 9867, 143, 6555, 165, 5681, 247, 3795, 253, 3705, 285, 3289, 299, 3135, 429, 2185, 741, 1265, 759, 1235]
Omitted divisors: [57, 16445, 65, 14421, 115, 8151, 143, 6555, 195, 4807, 345, 2717, 429, 2185, 741, 1265, 759, 1235]
Omitted divisors: [39, 24035, 95, 9867, 115, 8151, 209, 4485, 253, 3705, 345, 2717, 429, 2185, 741, 1265, 759, 1235]
Omitted divisors: [55, 17043, 57, 16445, 95, 9867, 253, 3705, 299, 3135, 345, 2717, 429, 2185, 741, 1265, 759, 1235]
Omitted divisors: [39, 24035, 65, 14421, 195, 4807, 253, 3705, 299, 3135, 345, 2717, 429, 2185, 741, 1265, 759, 1235]
Omitted divisors: [65, 14421, 95, 9867, 115, 8151, 165, 5681, 195, 4807, 253, 3705, 299, 3135, 345, 2717, 429, 2185, 741, 1265, 759, 1235]
Omitted divisors: [19, 49335, 209, 4485, 437, 2145, 741, 1265, 759, 1235]
Omitted divisors: [23, 40755, 195, 4807, 209, 4485, 285, 3289, 437, 2145, 741, 1265, 759, 1235]
Omitted divisors: [55, 17043, 69, 13585, 95, 9867, 143, 6555, 285, 3289, 345, 2717, 437, 2145, 741, 1265, 759, 1235]
Omitted divisors: [55, 17043, 95, 9867, 143, 6555, 195, 4807, 209, 4485, 253, 3705, 285, 3289, 345, 2717, 437, 2145, 741, 1265, 759, 1235]
Omitted divisors: [65, 14421, 95, 9867, 115, 8151, 143, 6555, 247, 3795, 253, 3705, 285, 3289, 345, 2717, 437, 2145, 741, 1265, 759, 1235]
Omitted divisors: [33, 28405, 115, 8151, 165, 5681, 195, 4807, 299, 3135, 345, 2717, 437, 2145, 741, 1265, 759, 1235]
Omitted divisors: [55, 17043, 95, 9867, 115, 8151, 209, 4485, 253, 3705, 285, 3289, 299, 3135, 345, 2717, 437, 2145, 741, 1265, 759, 1235]
Omitted divisors: [55, 17043, 65, 14421, 95, 9867, 165, 5681, 247, 3795, 429, 2185, 437, 2145, 741, 1265, 759, 1235]
Omitted divisors: [23, 40755, 143, 6555, 253, 3705, 429, 2185, 437, 2145, 741, 1265, 759, 1235]
Omitted divisors: [39, 24035, 69, 13585, 143, 6555, 285, 3289, 299, 3135, 429, 2185, 437, 2145, 741, 1265, 759, 1235]
Omitted divisors: [69, 13585, 95, 9867, 115, 8151, 143, 6555, 165, 5681, 285, 3289, 299, 3135, 429, 2185, 437, 2145, 741, 1265, 759, 1235]
Omitted divisors: [57, 16445, 95, 9867, 115, 8151, 195, 4807, 209, 4485, 285, 3289, 299, 3135, 429, 2185, 437, 2145, 741, 1265, 759, 1235]
Omitted divisors: [39, 24035, 143, 6555, 195, 4807, 209, 4485, 253, 3705, 285, 3289, 299, 3135, 429, 2185, 437, 2145, 741, 1265, 759, 1235]
Omitted divisors: [95, 9867, 115, 8151, 143, 6555, 165, 5681, 195, 4807, 209, 4485, 253, 3705, 285, 3289, 299, 3135, 429, 2185, 437, 2145, 741, 1265, 759, 1235]
Omitted divisors: [65, 14421, 95, 9867, 115, 8151, 143, 6555, 195, 4807, 253, 3705, 345, 2717, 429, 2185, 437, 2145, 741, 1265, 759, 1235]
Omitted divisors: [39, 24035, 65, 14421, 143, 6555, 285, 3289, 345, 2717, 429, 2185, 627, 1495, 741, 1265, 759, 1235]
Omitted divisors: [65, 14421, 95, 9867, 115, 8151, 143, 6555, 165, 5681, 285, 3289, 345, 2717, 429, 2185, 627, 1495, 741, 1265, 759, 1235]
Omitted divisors: [65, 14421, 69, 13585, 143, 6555, 195, 4807, 209, 4485, 253, 3705, 299, 3135, 437, 2145, 627, 1495, 741, 1265, 759, 1235]
Omitted divisors: [55, 17043, 65, 14421, 165, 5681, 247, 3795, 253, 3705, 299, 3135, 345, 2717, 437, 2145, 627, 1495, 741, 1265, 759, 1235]
Omitted divisors: [57, 16445, 69, 13585, 143, 6555, 195, 4807, 285, 3289, 299, 3135, 345, 2717, 437, 2145, 627, 1495, 741, 1265, 759, 1235]
Omitted divisors: [39, 24035, 57, 16445, 209, 4485, 247, 3795, 429, 2185, 437, 2145, 627, 1495, 741, 1265, 759, 1235]
Omitted divisors: [57, 16445, 95, 9867, 115, 8151, 165, 5681, 209, 4485, 247, 3795, 429, 2185, 437, 2145, 627, 1495, 741, 1265, 759, 1235]
Omitted divisors: [39, 24035, 143, 6555, 165, 5681, 209, 4485, 247, 3795, 253, 3705, 429, 2185, 437, 2145, 627, 1495, 741, 1265, 759, 1235]
Omitted divisors: [57, 16445, 65, 14421, 165, 5681, 195, 4807, 247, 3795, 299, 3135, 429, 2185, 437, 2145, 627, 1495, 741, 1265, 759, 1235]
Omitted divisors: [57, 16445, 65, 14421, 69, 13585, 95, 9867, 715, 1311, 741, 1265, 759, 1235]
Omitted divisors: [65, 14421, 69, 13585, 95, 9867, 143, 6555, 165, 5681, 253, 3705, 715, 1311, 741, 1265, 759, 1235]
Omitted divisors: [57, 16445, 65, 14421, 115, 8151, 143, 6555, 209, 4485, 253, 3705, 715, 1311, 741, 1265, 759, 1235]
Omitted divisors: [57, 16445, 65, 14421, 95, 9867, 195, 4807, 209, 4485, 253, 3705, 715, 1311, 741, 1265, 759, 1235]
Omitted divisors: [57, 16445, 95, 9867, 143, 6555, 165, 5681, 195, 4807, 253, 3705, 285, 3289, 345, 2717, 715, 1311, 741, 1265, 759, 1235]
Omitted divisors: [65, 14421, 69, 13585, 143, 6555, 195, 4807, 209, 4485, 285, 3289, 299, 3135, 345, 2717, 715, 1311, 741, 1265, 759, 1235]
Omitted divisors: [39, 24035, 57, 16445, 253, 3705, 285, 3289, 299, 3135, 345, 2717, 715, 1311, 741, 1265, 759, 1235]
Omitted divisors: [57, 16445, 95, 9867, 115, 8151, 165, 5681, 253, 3705, 285, 3289, 299, 3135, 345, 2717, 715, 1311, 741, 1265, 759, 1235]
Omitted divisors: [39, 24035, 143, 6555, 165, 5681, 209, 4485, 247, 3795, 285, 3289, 345, 2717, 429, 2185, 715, 1311, 741, 1265, 759, 1235]
Omitted divisors: [39, 24035, 65, 14421, 165, 5681, 247, 3795, 285, 3289, 437, 2145, 715, 1311, 741, 1265, 759, 1235]
Omitted divisors: [55, 17043, 69, 13585, 195, 4807, 209, 4485, 247, 3795, 253, 3705, 285, 3289, 437, 2145, 715, 1311, 741, 1265, 759, 1235]
Omitted divisors: [57, 16445, 95, 9867, 115, 8151, 143, 6555, 253, 3705, 285, 3289, 345, 2717, 437, 2145, 715, 1311, 741, 1265, 759, 1235]
Omitted divisors: [55, 17043, 57, 16445, 95, 9867, 165, 5681, 429, 2185, 437, 2145, 715, 1311, 741, 1265, 759, 1235]
Omitted divisors: [39, 24035, 65, 14421, 165, 5681, 195, 4807, 429, 2185, 437, 2145, 715, 1311, 741, 1265, 759, 1235]
Omitted divisors: [65, 14421, 69, 13585, 115, 8151, 195, 4807, 247, 3795, 253, 3705, 429, 2185, 437, 2145, 715, 1311, 741, 1265, 759, 1235]
Omitted divisors: [39, 24035, 95, 9867, 209, 4485, 247, 3795, 285, 3289, 345, 2717, 429, 2185, 437, 2145, 715, 1311, 741, 1265, 759, 1235]
Omitted divisors: [55, 17043, 143, 6555, 165, 5681, 195, 4807, 209, 4485, 285, 3289, 299, 3135, 345, 2717, 429, 2185, 437, 2145, 715, 1311, 741, 1265, 759, 1235]
Omitted divisors: [65, 14421, 115, 8151, 143, 6555, 165, 5681, 247, 3795, 285, 3289, 299, 3135, 345, 2717, 429, 2185, 437, 2145, 715, 1311, 741, 1265, 759, 1235]
Omitted divisors: [65, 14421, 95, 9867, 165, 5681, 195, 4807, 247, 3795, 285, 3289, 299, 3135, 345, 2717, 429, 2185, 437, 2145, 715, 1311, 741, 1265, 759, 1235]
Omitted divisors: [65, 14421, 69, 13585, 143, 6555, 165, 5681, 209, 4485, 247, 3795, 345, 2717, 627, 1495, 715, 1311, 741, 1265, 759, 1235]
Omitted divisors: [55, 17043, 69, 13585, 165, 5681, 195, 4807, 209, 4485, 285, 3289, 429, 2185, 627, 1495, 715, 1311, 741, 1265, 759, 1235]
Omitted divisors: [65, 14421, 69, 13585, 115, 8151, 165, 5681, 247, 3795, 285, 3289, 429, 2185, 627, 1495, 715, 1311, 741, 1265, 759, 1235]
Omitted divisors: [55, 17043, 57, 16445, 209, 4485, 247, 3795, 253, 3705, 285, 3289, 429, 2185, 627, 1495, 715, 1311, 741, 1265, 759, 1235]
Omitted divisors: [65, 14421, 115, 8151, 165, 5681, 195, 4807, 209, 4485, 247, 3795, 253, 3705, 285, 3289, 429, 2185, 627, 1495, 715, 1311, 741, 1265, 759, 1235]
Omitted divisors: [65, 14421, 95, 9867, 143, 6555, 209, 4485, 253, 3705, 285, 3289, 299, 3135, 345, 2717, 429, 2185, 627, 1495, 715, 1311, 741, 1265, 759, 1235]
Omitted divisors: [65, 14421, 69, 13585, 95, 9867, 209, 4485, 247, 3795, 345, 2717, 437, 2145, 627, 1495, 715, 1311, 741, 1265, 759, 1235]
Omitted divisors: [39, 24035, 115, 8151, 165, 5681, 209, 4485, 253, 3705, 345, 2717, 437, 2145, 627, 1495, 715, 1311, 741, 1265, 759, 1235]
Omitted divisors: [55, 17043, 57, 16445, 165, 5681, 253, 3705, 299, 3135, 345, 2717, 437, 2145, 627, 1495, 715, 1311, 741, 1265, 759, 1235]
Omitted divisors: [33, 28405, 143, 6555, 209, 4485, 285, 3289, 299, 3135, 345, 2717, 437, 2145, 627, 1495, 715, 1311, 741, 1265, 759, 1235]
Omitted divisors: [33, 28405, 165, 5681, 195, 4807, 247, 3795, 253, 3705, 429, 2185, 437, 2145, 627, 1495, 715, 1311, 741, 1265, 759, 1235]
Omitted divisors: [55, 17043, 69, 13585, 115, 8151, 209, 4485, 285, 3289, 429, 2185, 437, 2145, 627, 1495, 715, 1311, 741, 1265, 759, 1235]
Omitted divisors: [39, 24035, 69, 13585, 115, 8151, 209, 4485, 247, 3795, 253, 3705, 897, 1045]
Omitted divisors: [55, 17043, 57, 16445, 69, 13585, 247, 3795, 253, 3705, 299, 3135, 897, 1045]
Omitted divisors: [65, 14421, 69, 13585, 115, 8151, 165, 5681, 195, 4807, 247, 3795, 253, 3705, 299, 3135, 897, 1045]
Omitted divisors: [33, 28405, 95, 9867, 115, 8151, 195, 4807, 253, 3705, 345, 2717, 897, 1045]
Omitted divisors: [39, 24035, 95, 9867, 165, 5681, 209, 4485, 247, 3795, 285, 3289, 299, 3135, 345, 2717, 897, 1045]
Omitted divisors: [39, 24035, 55, 17043, 115, 8151, 285, 3289, 345, 2717, 429, 2185, 897, 1045]
Omitted divisors: [39, 24035, 115, 8151, 143, 6555, 165, 5681, 209, 4485, 299, 3135, 345, 2717, 429, 2185, 897, 1045]
Omitted divisors: [39, 24035, 95, 9867, 165, 5681, 195, 4807, 209, 4485, 299, 3135, 345, 2717, 429, 2185, 897, 1045]
Omitted divisors: [33, 28405, 55, 17043, 247, 3795, 299, 3135, 345, 2717, 429, 2185, 897, 1045]
Omitted divisors: [69, 13585, 95, 9867, 115, 8151, 195, 4807, 209, 4485, 247, 3795, 253, 3705, 299, 3135, 345, 2717, 429, 2185, 897, 1045]
Omitted divisors: [55, 17043, 57, 16445, 95, 9867, 143, 6555, 165, 5681, 437, 2145, 897, 1045]
Omitted divisors: [39, 24035, 65, 14421, 143, 6555, 165, 5681, 195, 4807, 437, 2145, 897, 1045]
Omitted divisors: [65, 14421, 69, 13585, 115, 8151, 143, 6555, 195, 4807, 247, 3795, 253, 3705, 437, 2145, 897, 1045]
Omitted divisors: [39, 24035, 65, 14421, 115, 8151, 165, 5681, 299, 3135, 437, 2145, 897, 1045]
Omitted divisors: [55, 17043, 69, 13585, 115, 8151, 195, 4807, 209, 4485, 253, 3705, 299, 3135, 437, 2145, 897, 1045]
Omitted divisors: [39, 24035, 95, 9867, 143, 6555, 209, 4485, 247, 3795, 285, 3289, 345, 2717, 437, 2145, 897, 1045]
Omitted divisors: [65, 14421, 95, 9867, 143, 6555, 165, 5681, 195, 4807, 247, 3795, 285, 3289, 299, 3135, 345, 2717, 437, 2145, 897, 1045]
Omitted divisors: [39, 24035, 95, 9867, 143, 6555, 195, 4807, 209, 4485, 345, 2717, 429, 2185, 437, 2145, 897, 1045]
Omitted divisors: [39, 24035, 95, 9867, 115, 8151, 209, 4485, 299, 3135, 345, 2717, 429, 2185, 437, 2145, 897, 1045]
Omitted divisors: [55, 17043, 69, 13585, 143, 6555, 165, 5681, 195, 4807, 209, 4485, 285, 3289, 627, 1495, 897, 1045]
Omitted divisors: [65, 14421, 69, 13585, 115, 8151, 143, 6555, 165, 5681, 247, 3795, 285, 3289, 627, 1495, 897, 1045]
Omitted divisors: [65, 14421, 69, 13585, 95, 9867, 165, 5681, 195, 4807, 247, 3795, 285, 3289, 627, 1495, 897, 1045]
Omitted divisors: [57, 16445, 65, 14421, 115, 8151, 195, 4807, 209, 4485, 247, 3795, 285, 3289, 627, 1495, 897, 1045]
Omitted divisors: [55, 17043, 57, 16445, 143, 6555, 209, 4485, 247, 3795, 253, 3705, 285, 3289, 627, 1495, 897, 1045]
Omitted divisors: [65, 14421, 115, 8151, 143, 6555, 165, 5681, 195, 4807, 209, 4485, 247, 3795, 253, 3705, 285, 3289, 627, 1495, 897, 1045]
Omitted divisors: [55, 17043, 69, 13585, 115, 8151, 165, 5681, 209, 4485, 285, 3289, 299, 3135, 627, 1495, 897, 1045]
Omitted divisors: [55, 17043, 65, 14421, 69, 13585, 115, 8151, 345, 2717, 627, 1495, 897, 1045]
Omitted divisors: [55, 17043, 65, 14421, 115, 8151, 195, 4807, 209, 4485, 253, 3705, 345, 2717, 627, 1495, 897, 1045]
Omitted divisors: [55, 17043, 57, 16445, 69, 13585, 143, 6555, 429, 2185, 627, 1495, 897, 1045]
Omitted divisors: [65, 14421, 69, 13585, 115, 8151, 143, 6555, 165, 5681, 195, 4807, 429, 2185, 627, 1495, 897, 1045]
Omitted divisors: [55, 17043, 57, 16445, 143, 6555, 195, 4807, 209, 4485, 253, 3705, 429, 2185, 627, 1495, 897, 1045]
Omitted divisors: [57, 16445, 65, 14421, 115, 8151, 143, 6555, 247, 3795, 253, 3705, 429, 2185, 627, 1495, 897, 1045]
Omitted divisors: [57, 16445, 65, 14421, 95, 9867, 195, 4807, 247, 3795, 253, 3705, 429, 2185, 627, 1495, 897, 1045]
Omitted divisors: [55, 17043, 69, 13585, 95, 9867, 165, 5681, 253, 3705, 299, 3135, 429, 2185, 627, 1495, 897, 1045]
Omitted divisors: [55, 17043, 57, 16445, 115, 8151, 209, 4485, 253, 3705, 299, 3135, 429, 2185, 627, 1495, 897, 1045]
Omitted divisors: [69, 13585, 95, 9867, 115, 8151, 143, 6555, 209, 4485, 247, 3795, 285, 3289, 345, 2717, 429, 2185, 627, 1495, 897, 1045]
Omitted divisors: [65, 14421, 69, 13585, 143, 6555, 195, 4807, 247, 3795, 285, 3289, 299, 3135, 345, 2717, 429, 2185, 627, 1495, 897, 1045]
Omitted divisors: [33, 28405, 57, 16445, 195, 4807, 247, 3795, 437, 2145, 627, 1495, 897, 1045]
Omitted divisors: [33, 28405, 143, 6555, 165, 5681, 195, 4807, 247, 3795, 253, 3705, 437, 2145, 627, 1495, 897, 1045]
Omitted divisors: [55, 17043, 69, 13585, 115, 8151, 143, 6555, 209, 4485, 285, 3289, 437, 2145, 627, 1495, 897, 1045]
Omitted divisors: [55, 17043, 69, 13585, 95, 9867, 195, 4807, 209, 4485, 285, 3289, 437, 2145, 627, 1495, 897, 1045]
Omitted divisors: [65, 14421, 69, 13585, 95, 9867, 115, 8151, 247, 3795, 285, 3289, 437, 2145, 627, 1495, 897, 1045]
Omitted divisors: [65, 14421, 95, 9867, 115, 8151, 195, 4807, 209, 4485, 247, 3795, 253, 3705, 285, 3289, 437, 2145, 627, 1495, 897, 1045]
Omitted divisors: [33, 28405, 115, 8151, 165, 5681, 247, 3795, 253, 3705, 299, 3135, 437, 2145, 627, 1495, 897, 1045]
Omitted divisors: [65, 14421, 69, 13585, 95, 9867, 115, 8151, 195, 4807, 429, 2185, 437, 2145, 627, 1495, 897, 1045]
Omitted divisors: [55, 17043, 69, 13585, 95, 9867, 143, 6555, 253, 3705, 429, 2185, 437, 2145, 627, 1495, 897, 1045]
Omitted divisors: [39, 24035, 115, 8151, 195, 4807, 253, 3705, 285, 3289, 299, 3135, 345, 2717, 429, 2185, 437, 2145, 627, 1495, 897, 1045]
Omitted divisors: [33, 28405, 65, 14421, 195, 4807, 209, 4485, 247, 3795, 715, 1311, 897, 1045]
Omitted divisors: [55, 17043, 57, 16445, 65, 14421, 195, 4807, 285, 3289, 715, 1311, 897, 1045]
Omitted divisors: [55, 17043, 65, 14421, 143, 6555, 165, 5681, 195, 4807, 253, 3705, 285, 3289, 715, 1311, 897, 1045]
Omitted divisors: [57, 16445, 65, 14421, 143, 6555, 165, 5681, 195, 4807, 209, 4485, 299, 3135, 715, 1311, 897, 1045]
Omitted divisors: [57, 16445, 69, 13585, 115, 8151, 165, 5681, 195, 4807, 253, 3705, 299, 3135, 715, 1311, 897, 1045]
Omitted divisors: [55, 17043, 65, 14421, 115, 8151, 165, 5681, 253, 3705, 285, 3289, 299, 3135, 715, 1311, 897, 1045]
Omitted divisors: [55, 17043, 69, 13585, 115, 8151, 165, 5681, 209, 4485, 247, 3795, 345, 2717, 715, 1311, 897, 1045]
Omitted divisors: [33, 28405, 143, 6555, 165, 5681, 195, 4807, 247, 3795, 285, 3289, 345, 2717, 715, 1311, 897, 1045]
Omitted divisors: [33, 28405, 115, 8151, 165, 5681, 247, 3795, 285, 3289, 299, 3135, 345, 2717, 715, 1311, 897, 1045]
Omitted divisors: [19, 49335, 209, 4485, 429, 2185, 715, 1311, 897, 1045]
Omitted divisors: [23, 40755, 195, 4807, 209, 4485, 285, 3289, 429, 2185, 715, 1311, 897, 1045]
Omitted divisors: [55, 17043, 69, 13585, 95, 9867, 143, 6555, 285, 3289, 345, 2717, 429, 2185, 715, 1311, 897, 1045]
Omitted divisors: [55, 17043, 95, 9867, 143, 6555, 195, 4807, 209, 4485, 253, 3705, 285, 3289, 345, 2717, 429, 2185, 715, 1311, 897, 1045]
Omitted divisors: [65, 14421, 95, 9867, 115, 8151, 143, 6555, 247, 3795, 253, 3705, 285, 3289, 345, 2717, 429, 2185, 715, 1311, 897, 1045]
Omitted divisors: [33, 28405, 115, 8151, 165, 5681, 195, 4807, 299, 3135, 345, 2717, 429, 2185, 715, 1311, 897, 1045]
Omitted divisors: [55, 17043, 95, 9867, 115, 8151, 209, 4485, 253, 3705, 285, 3289, 299, 3135, 345, 2717, 429, 2185, 715, 1311, 897, 1045]
Omitted divisors: [57, 16445, 69, 13585, 115, 8151, 143, 6555, 195, 4807, 253, 3705, 437, 2145, 715, 1311, 897, 1045]
Omitted divisors: [55, 17043, 65, 14421, 115, 8151, 143, 6555, 253, 3705, 285, 3289, 437, 2145, 715, 1311, 897, 1045]
Omitted divisors: [55, 17043, 65, 14421, 95, 9867, 195, 4807, 253, 3705, 285, 3289, 437, 2145, 715, 1311, 897, 1045]
Omitted divisors: [65, 14421, 69, 13585, 95, 9867, 143, 6555, 165, 5681, 299, 3135, 437, 2145, 715, 1311, 897, 1045]
Omitted divisors: [57, 16445, 65, 14421, 115, 8151, 143, 6555, 209, 4485, 299, 3135, 437, 2145, 715, 1311, 897, 1045]
Omitted divisors: [57, 16445, 65, 14421, 95, 9867, 195, 4807, 209, 4485, 299, 3135, 437, 2145, 715, 1311, 897, 1045]
Omitted divisors: [65, 14421, 95, 9867, 143, 6555, 165, 5681, 195, 4807, 209, 4485, 253, 3705, 299, 3135, 437, 2145, 715, 1311, 897, 1045]
Omitted divisors: [33, 28405, 115, 8151, 143, 6555, 247, 3795, 285, 3289, 345, 2717, 437, 2145, 715, 1311, 897, 1045]
Omitted divisors: [33, 28405, 95, 9867, 195, 4807, 247, 3795, 285, 3289, 345, 2717, 437, 2145, 715, 1311, 897, 1045]
Omitted divisors: [57, 16445, 95, 9867, 143, 6555, 165, 5681, 195, 4807, 285, 3289, 299, 3135, 345, 2717, 437, 2145, 715, 1311, 897, 1045]
Omitted divisors: [39, 24035, 69, 13585, 195, 4807, 209, 4485, 247, 3795, 429, 2185, 437, 2145, 715, 1311, 897, 1045]
Omitted divisors: [69, 13585, 95, 9867, 115, 8151, 165, 5681, 195, 4807, 209, 4485, 247, 3795, 429, 2185, 437, 2145, 715, 1311, 897, 1045]
Omitted divisors: [33, 28405, 115, 8151, 143, 6555, 195, 4807, 345, 2717, 429, 2185, 437, 2145, 715, 1311, 897, 1045]
Omitted divisors: [57, 16445, 69, 13585, 115, 8151, 143, 6555, 165, 5681, 285, 3289, 627, 1495, 715, 1311, 897, 1045]
Omitted divisors: [57, 16445, 69, 13585, 95, 9867, 165, 5681, 195, 4807, 285, 3289, 627, 1495, 715, 1311, 897, 1045]
Omitted divisors: [57, 16445, 115, 8151, 143, 6555, 165, 5681, 195, 4807, 209, 4485, 253, 3705, 285, 3289, 627, 1495, 715, 1311, 897, 1045]
Omitted divisors: [39, 24035, 69, 13585, 165, 5681, 253, 3705, 285, 3289, 299, 3135, 627, 1495, 715, 1311, 897, 1045]
Omitted divisors: [65, 14421, 69, 13585, 143, 6555, 209, 4485, 247, 3795, 253, 3705, 285, 3289, 299, 3135, 627, 1495, 715, 1311, 897, 1045]
Omitted divisors: [65, 14421, 69, 13585, 143, 6555, 195, 4807, 209, 4485, 253, 3705, 299, 3135, 429, 2185, 627, 1495, 715, 1311, 897, 1045]
Omitted divisors: [55, 17043, 65, 14421, 165, 5681, 247, 3795, 253, 3705, 299, 3135, 345, 2717, 429, 2185, 627, 1495, 715, 1311, 897, 1045]
Omitted divisors: [57, 16445, 69, 13585, 143, 6555, 195, 4807, 285, 3289, 299, 3135, 345, 2717, 429, 2185, 627, 1495, 715, 1311, 897, 1045]
Omitted divisors: [57, 16445, 69, 13585, 95, 9867, 115, 8151, 285, 3289, 437, 2145, 627, 1495, 715, 1311, 897, 1045]
Omitted divisors: [39, 24035, 69, 13585, 143, 6555, 253, 3705, 285, 3289, 437, 2145, 627, 1495, 715, 1311, 897, 1045]
Omitted divisors: [69, 13585, 95, 9867, 115, 8151, 143, 6555, 165, 5681, 253, 3705, 285, 3289, 437, 2145, 627, 1495, 715, 1311, 897, 1045]
Omitted divisors: [57, 16445, 95, 9867, 115, 8151, 195, 4807, 209, 4485, 253, 3705, 285, 3289, 437, 2145, 627, 1495, 715, 1311, 897, 1045]
Omitted divisors: [55, 17043, 65, 14421, 195, 4807, 209, 4485, 247, 3795, 285, 3289, 345, 2717, 437, 2145, 627, 1495, 715, 1311, 897, 1045]
Omitted divisors: [69, 13585, 115, 8151, 165, 5681, 195, 4807, 209, 4485, 247, 3795, 253, 3705, 299, 3135, 345, 2717, 437, 2145, 627, 1495, 715, 1311, 897, 1045]
Omitted divisors: [55, 17043, 57, 16445, 209, 4485, 247, 3795, 285, 3289, 299, 3135, 429, 2185, 437, 2145, 627, 1495, 715, 1311, 897, 1045]
Omitted divisors: [65, 14421, 115, 8151, 165, 5681, 195, 4807, 209, 4485, 247, 3795, 285, 3289, 299, 3135, 429, 2185, 437, 2145, 627, 1495, 715, 1311, 897, 1045]
Omitted divisors: [55, 17043, 143, 6555, 165, 5681, 209, 4485, 247, 3795, 253, 3705, 285, 3289, 299, 3135, 429, 2185, 437, 2145, 627, 1495, 715, 1311, 897, 1045]
Omitted divisors: [55, 17043, 65, 14421, 143, 6555, 247, 3795, 253, 3705, 345, 2717, 429, 2185, 437, 2145, 627, 1495, 715, 1311, 897, 1045]
Omitted divisors: [69, 13585, 95, 9867, 143, 6555, 195, 4807, 253, 3705, 285, 3289, 299, 3135, 345, 2717, 429, 2185, 437, 2145, 627, 1495, 715, 1311, 897, 1045]
Omitted divisors: [55, 17043, 69, 13585, 115, 8151, 143, 6555, 253, 3705, 285, 3289, 299, 3135, 741, 1265, 897, 1045]
Omitted divisors: [55, 17043, 69, 13585, 95, 9867, 195, 4807, 253, 3705, 285, 3289, 299, 3135, 741, 1265, 897, 1045]
Omitted divisors: [39, 24035, 115, 8151, 143, 6555, 165, 5681, 209, 4485, 247, 3795, 345, 2717, 741, 1265, 897, 1045]
Omitted divisors: [39, 24035, 95, 9867, 165, 5681, 195, 4807, 209, 4485, 247, 3795, 345, 2717, 741, 1265, 897, 1045]
Omitted divisors: [55, 17043, 57, 16445, 143, 6555, 165, 5681, 247, 3795, 299, 3135, 345, 2717, 741, 1265, 897, 1045]
Omitted divisors: [23, 40755, 165, 5681, 247, 3795, 299, 3135, 437, 2145, 741, 1265, 897, 1045]
Omitted divisors: [39, 24035, 95, 9867, 115, 8151, 209, 4485, 247, 3795, 345, 2717, 437, 2145, 741, 1265, 897, 1045]
Omitted divisors: [55, 17043, 115, 8151, 143, 6555, 165, 5681, 195, 4807, 209, 4485, 299, 3135, 345, 2717, 437, 2145, 741, 1265, 897, 1045]
Omitted divisors: [55, 17043, 57, 16445, 95, 9867, 247, 3795, 299, 3135, 345, 2717, 437, 2145, 741, 1265, 897, 1045]
Omitted divisors: [39, 24035, 65, 14421, 195, 4807, 247, 3795, 299, 3135, 345, 2717, 437, 2145, 741, 1265, 897, 1045]
Omitted divisors: [65, 14421, 95, 9867, 115, 8151, 165, 5681, 195, 4807, 247, 3795, 299, 3135, 345, 2717, 437, 2145, 741, 1265, 897, 1045]
Omitted divisors: [55, 17043, 95, 9867, 143, 6555, 165, 5681, 247, 3795, 253, 3705, 299, 3135, 345, 2717, 437, 2145, 741, 1265, 897, 1045]
Omitted divisors: [57, 16445, 95, 9867, 143, 6555, 165, 5681, 195, 4807, 247, 3795, 299, 3135, 429, 2185, 437, 2145, 741, 1265, 897, 1045]
Omitted divisors: [55, 17043, 69, 13585, 115, 8151, 165, 5681, 195, 4807, 209, 4485, 627, 1495, 741, 1265, 897, 1045]
Omitted divisors: [55, 17043, 69, 13585, 95, 9867, 165, 5681, 247, 3795, 253, 3705, 627, 1495, 741, 1265, 897, 1045]
Omitted divisors: [55, 17043, 57, 16445, 115, 8151, 209, 4485, 247, 3795, 253, 3705, 627, 1495, 741, 1265, 897, 1045]
Omitted divisors: [33, 28405, 115, 8151, 165, 5681, 195, 4807, 285, 3289, 299, 3135, 627, 1495, 741, 1265, 897, 1045]
Omitted divisors: [65, 14421, 95, 9867, 115, 8151, 143, 6555, 209, 4485, 253, 3705, 299, 3135, 345, 2717, 627, 1495, 741, 1265, 897, 1045]
Omitted divisors: [55, 17043, 69, 13585, 195, 4807, 209, 4485, 247, 3795, 285, 3289, 299, 3135, 345, 2717, 627, 1495, 741, 1265, 897, 1045]
Omitted divisors: [65, 14421, 95, 9867, 115, 8151, 143, 6555, 195, 4807, 253, 3705, 285, 3289, 429, 2185, 627, 1495, 741, 1265, 897, 1045]
Omitted divisors: [65, 14421, 69, 13585, 115, 8151, 195, 4807, 247, 3795, 299, 3135, 345, 2717, 429, 2185, 627, 1495, 741, 1265, 897, 1045]
Omitted divisors: [55, 17043, 69, 13585, 143, 6555, 247, 3795, 253, 3705, 299, 3135, 345, 2717, 429, 2185, 627, 1495, 741, 1265, 897, 1045]
Omitted divisors: [33, 28405, 115, 8151, 143, 6555, 195, 4807, 285, 3289, 437, 2145, 627, 1495, 741, 1265, 897, 1045]
Omitted divisors: [39, 24035, 115, 8151, 195, 4807, 247, 3795, 253, 3705, 285, 3289, 345, 2717, 437, 2145, 627, 1495, 741, 1265, 897, 1045]
Omitted divisors: [69, 13585, 115, 8151, 143, 6555, 195, 4807, 209, 4485, 247, 3795, 285, 3289, 299, 3135, 429, 2185, 437, 2145, 627, 1495, 741, 1265, 897, 1045]
Omitted divisors: [55, 17043, 65, 14421, 115, 8151, 165, 5681, 195, 4807, 253, 3705, 715, 1311, 741, 1265, 897, 1045]
Omitted divisors: [57, 16445, 65, 14421, 95, 9867, 143, 6555, 285, 3289, 299, 3135, 715, 1311, 741, 1265, 897, 1045]
Omitted divisors: [33, 28405, 115, 8151, 165, 5681, 195, 4807, 247, 3795, 345, 2717, 715, 1311, 741, 1265, 897, 1045]
Omitted divisors: [55, 17043, 95, 9867, 115, 8151, 209, 4485, 247, 3795, 253, 3705, 285, 3289, 345, 2717, 715, 1311, 741, 1265, 897, 1045]
Omitted divisors: [55, 17043, 65, 14421, 195, 4807, 247, 3795, 253, 3705, 285, 3289, 299, 3135, 345, 2717, 715, 1311, 741, 1265, 897, 1045]
Omitted divisors: [39, 24035, 69, 13585, 143, 6555, 247, 3795, 285, 3289, 429, 2185, 715, 1311, 741, 1265, 897, 1045]
Omitted divisors: [69, 13585, 95, 9867, 115, 8151, 143, 6555, 165, 5681, 247, 3795, 285, 3289, 429, 2185, 715, 1311, 741, 1265, 897, 1045]
Omitted divisors: [57, 16445, 95, 9867, 115, 8151, 195, 4807, 209, 4485, 247, 3795, 285, 3289, 429, 2185, 715, 1311, 741, 1265, 897, 1045]
Omitted divisors: [39, 24035, 143, 6555, 195, 4807, 209, 4485, 247, 3795, 253, 3705, 285, 3289, 429, 2185, 715, 1311, 741, 1265, 897, 1045]
Omitted divisors: [95, 9867, 115, 8151, 143, 6555, 165, 5681, 195, 4807, 209, 4485, 247, 3795, 253, 3705, 285, 3289, 429, 2185, 715, 1311, 741, 1265, 897, 1045]
Omitted divisors: [39, 24035, 115, 8151, 209, 4485, 247, 3795, 253, 3705, 285, 3289, 299, 3135, 429, 2185, 715, 1311, 741, 1265, 897, 1045]
Omitted divisors: [55, 17043, 69, 13585, 95, 9867, 115, 8151, 345, 2717, 429, 2185, 715, 1311, 741, 1265, 897, 1045]
Omitted divisors: [55, 17043, 95, 9867, 115, 8151, 195, 4807, 209, 4485, 253, 3705, 345, 2717, 429, 2185, 715, 1311, 741, 1265, 897, 1045]
Omitted divisors: [39, 24035, 57, 16445, 195, 4807, 299, 3135, 345, 2717, 437, 2145, 715, 1311, 741, 1265, 897, 1045]
Omitted divisors: [57, 16445, 95, 9867, 115, 8151, 165, 5681, 195, 4807, 299, 3135, 345, 2717, 437, 2145, 715, 1311, 741, 1265, 897, 1045]
Omitted divisors: [39, 24035, 143, 6555, 165, 5681, 195, 4807, 253, 3705, 299, 3135, 345, 2717, 437, 2145, 715, 1311, 741, 1265, 897, 1045]
Omitted divisors: [55, 17043, 69, 13585, 143, 6555, 195, 4807, 285, 3289, 299, 3135, 429, 2185, 437, 2145, 715, 1311, 741, 1265, 897, 1045]
Omitted divisors: [65, 14421, 115, 8151, 143, 6555, 195, 4807, 247, 3795, 253, 3705, 285, 3289, 299, 3135, 429, 2185, 437, 2145, 715, 1311, 741, 1265, 897, 1045]
Omitted divisors: [39, 24035, 69, 13585, 165, 5681, 195, 4807, 253, 3705, 627, 1495, 715, 1311, 741, 1265, 897, 1045]
Omitted divisors: [65, 14421, 69, 13585, 143, 6555, 195, 4807, 209, 4485, 247, 3795, 253, 3705, 627, 1495, 715, 1311, 741, 1265, 897, 1045]
Omitted divisors: [39, 24035, 65, 14421, 165, 5681, 209, 4485, 299, 3135, 627, 1495, 715, 1311, 741, 1265, 897, 1045]
Omitted divisors: [65, 14421, 69, 13585, 115, 8151, 209, 4485, 247, 3795, 253, 3705, 299, 3135, 627, 1495, 715, 1311, 741, 1265, 897, 1045]
Omitted divisors: [57, 16445, 69, 13585, 143, 6555, 195, 4807, 247, 3795, 285, 3289, 345, 2717, 627, 1495, 715, 1311, 741, 1265, 897, 1045]
Omitted divisors: [57, 16445, 69, 13585, 115, 8151, 247, 3795, 285, 3289, 299, 3135, 345, 2717, 627, 1495, 715, 1311, 741, 1265, 897, 1045]
Omitted divisors: [69, 13585, 115, 8151, 143, 6555, 165, 5681, 247, 3795, 253, 3705, 285, 3289, 299, 3135, 345, 2717, 627, 1495, 715, 1311, 741, 1265, 897, 1045]
Omitted divisors: [69, 13585, 95, 9867, 165, 5681, 195, 4807, 247, 3795, 253, 3705, 285, 3289, 299, 3135, 345, 2717, 627, 1495, 715, 1311, 741, 1265, 897, 1045]
Omitted divisors: [57, 16445, 115, 8151, 195, 4807, 209, 4485, 247, 3795, 253, 3705, 285, 3289, 299, 3135, 345, 2717, 627, 1495, 715, 1311, 741, 1265, 897, 1045]
Omitted divisors: [55, 17043, 65, 14421, 143, 6555, 195, 4807, 285, 3289, 345, 2717, 429, 2185, 627, 1495, 715, 1311, 741, 1265, 897, 1045]
Omitted divisors: [57, 16445, 69, 13585, 115, 8151, 195, 4807, 299, 3135, 345, 2717, 429, 2185, 627, 1495, 715, 1311, 741, 1265, 897, 1045]
Omitted divisors: [69, 13585, 115, 8151, 143, 6555, 165, 5681, 195, 4807, 253, 3705, 299, 3135, 345, 2717, 429, 2185, 627, 1495, 715, 1311, 741, 1265, 897, 1045]
Omitted divisors: [55, 17043, 65, 14421, 115, 8151, 285, 3289, 299, 3135, 345, 2717, 429, 2185, 627, 1495, 715, 1311, 741, 1265, 897, 1045]
Omitted divisors: [39, 24035, 65, 14421, 143, 6555, 209, 4485, 437, 2145, 627, 1495, 715, 1311, 741, 1265, 897, 1045]
Omitted divisors: [65, 14421, 95, 9867, 115, 8151, 143, 6555, 165, 5681, 209, 4485, 437, 2145, 627, 1495, 715, 1311, 741, 1265, 897, 1045]
Omitted divisors: [39, 24035, 69, 13585, 115, 8151, 253, 3705, 437, 2145, 627, 1495, 715, 1311, 741, 1265, 897, 1045]
Omitted divisors: [69, 13585, 95, 9867, 143, 6555, 195, 4807, 247, 3795, 253, 3705, 285, 3289, 345, 2717, 437, 2145, 627, 1495, 715, 1311, 741, 1265, 897, 1045]
Omitted divisors: [39, 24035, 95, 9867, 165, 5681, 285, 3289, 299, 3135, 345, 2717, 437, 2145, 627, 1495, 715, 1311, 741, 1265, 897, 1045]
Omitted divisors: [65, 14421, 95, 9867, 143, 6555, 209, 4485, 247, 3795, 285, 3289, 299, 3135, 345, 2717, 437, 2145, 627, 1495, 715, 1311, 741, 1265, 897, 1045]
Omitted divisors: [69, 13585, 95, 9867, 115, 8151, 247, 3795, 253, 3705, 285, 3289, 299, 3135, 345, 2717, 437, 2145, 627, 1495, 715, 1311, 741, 1265, 897, 1045]
Omitted divisors: [55, 17043, 69, 13585, 143, 6555, 165, 5681, 247, 3795, 429, 2185, 437, 2145, 627, 1495, 715, 1311, 741, 1265, 897, 1045]
Omitted divisors: [55, 17043, 57, 16445, 195, 4807, 209, 4485, 247, 3795, 429, 2185, 437, 2145, 627, 1495, 715, 1311, 741, 1265, 897, 1045]
Omitted divisors: [55, 17043, 143, 6555, 165, 5681, 195, 4807, 209, 4485, 247, 3795, 253, 3705, 429, 2185, 437, 2145, 627, 1495, 715, 1311, 741, 1265, 897, 1045]
Omitted divisors: [55, 17043, 115, 8151, 165, 5681, 209, 4485, 247, 3795, 253, 3705, 299, 3135, 429, 2185, 437, 2145, 627, 1495, 715, 1311, 741, 1265, 897, 1045]
Omitted divisors: [65, 14421, 95, 9867, 143, 6555, 195, 4807, 209, 4485, 299, 3135, 345, 2717, 429, 2185, 437, 2145, 627, 1495, 715, 1311, 741, 1265, 897, 1045]
Omitted divisors: [69, 13585, 95, 9867, 115, 8151, 195, 4807, 253, 3705, 299, 3135, 345, 2717, 429, 2185, 437, 2145, 627, 1495, 715, 1311, 741, 1265, 897, 1045]
Omitted divisors: [39, 24035, 57, 16445, 143, 6555, 165, 5681, 285, 3289, 759, 1235, 897, 1045]
Omitted divisors: [57, 16445, 69, 13585, 115, 8151, 143, 6555, 247, 3795, 253, 3705, 285, 3289, 759, 1235, 897, 1045]
Omitted divisors: [57, 16445, 69, 13585, 95, 9867, 195, 4807, 247, 3795, 253, 3705, 285, 3289, 759, 1235, 897, 1045]
Omitted divisors: [57, 16445, 65, 14421, 95, 9867, 209, 4485, 247, 3795, 285, 3289, 299, 3135, 759, 1235, 897, 1045]
Omitted divisors: [65, 14421, 95, 9867, 143, 6555, 165, 5681, 209, 4485, 247, 3795, 253, 3705, 285, 3289, 299, 3135, 759, 1235, 897, 1045]
Omitted divisors: [55, 17043, 65, 14421, 95, 9867, 209, 4485, 253, 3705, 299, 3135, 345, 2717, 759, 1235, 897, 1045]
Omitted divisors: [23, 40755, 165, 5681, 285, 3289, 299, 3135, 345, 2717, 759, 1235, 897, 1045]
Omitted divisors: [57, 16445, 69, 13585, 115, 8151, 143, 6555, 195, 4807, 253, 3705, 429, 2185, 759, 1235, 897, 1045]
Omitted divisors: [55, 17043, 65, 14421, 115, 8151, 143, 6555, 253, 3705, 285, 3289, 429, 2185, 759, 1235, 897, 1045]
Omitted divisors: [55, 17043, 65, 14421, 95, 9867, 195, 4807, 253, 3705, 285, 3289, 429, 2185, 759, 1235, 897, 1045]
Omitted divisors: [65, 14421, 69, 13585, 95, 9867, 143, 6555, 165, 5681, 299, 3135, 429, 2185, 759, 1235, 897, 1045]
Omitted divisors: [57, 16445, 65, 14421, 115, 8151, 143, 6555, 209, 4485, 299, 3135, 429, 2185, 759, 1235, 897, 1045]
Omitted divisors: [57, 16445, 65, 14421, 95, 9867, 195, 4807, 209, 4485, 299, 3135, 429, 2185, 759, 1235, 897, 1045]
Omitted divisors: [65, 14421, 95, 9867, 143, 6555, 165, 5681, 195, 4807, 209, 4485, 253, 3705, 299, 3135, 429, 2185, 759, 1235, 897, 1045]
Omitted divisors: [33, 28405, 115, 8151, 143, 6555, 247, 3795, 285, 3289, 345, 2717, 429, 2185, 759, 1235, 897, 1045]
Omitted divisors: [33, 28405, 95, 9867, 195, 4807, 247, 3795, 285, 3289, 345, 2717, 429, 2185, 759, 1235, 897, 1045]
Omitted divisors: [57, 16445, 95, 9867, 143, 6555, 165, 5681, 195, 4807, 285, 3289, 299, 3135, 345, 2717, 429, 2185, 759, 1235, 897, 1045]
Omitted divisors: [39, 24035, 57, 16445, 95, 9867, 285, 3289, 437, 2145, 759, 1235, 897, 1045]
Omitted divisors: [33, 28405, 55, 17043, 195, 4807, 285, 3289, 437, 2145, 759, 1235, 897, 1045]
Omitted divisors: [39, 24035, 95, 9867, 143, 6555, 165, 5681, 253, 3705, 285, 3289, 437, 2145, 759, 1235, 897, 1045]
Omitted divisors: [33, 28405, 143, 6555, 165, 5681, 195, 4807, 209, 4485, 299, 3135, 437, 2145, 759, 1235, 897, 1045]
Omitted divisors: [57, 16445, 115, 8151, 143, 6555, 165, 5681, 195, 4807, 209, 4485, 247, 3795, 345, 2717, 437, 2145, 759, 1235, 897, 1045]
Omitted divisors: [23, 40755, 143, 6555, 285, 3289, 345, 2717, 437, 2145, 759, 1235, 897, 1045]
Omitted divisors: [39, 24035, 69, 13585, 165, 5681, 247, 3795, 299, 3135, 345, 2717, 437, 2145, 759, 1235, 897, 1045]
Omitted divisors: [39, 24035, 165, 5681, 195, 4807, 209, 4485, 247, 3795, 253, 3705, 299, 3135, 345, 2717, 437, 2145, 759, 1235, 897, 1045]
Omitted divisors: [65, 14421, 95, 9867, 115, 8151, 143, 6555, 209, 4485, 253, 3705, 299, 3135, 429, 2185, 437, 2145, 759, 1235, 897, 1045]
Omitted divisors: [55, 17043, 69, 13585, 195, 4807, 209, 4485, 247, 3795, 285, 3289, 299, 3135, 429, 2185, 437, 2145, 759, 1235, 897, 1045]
Omitted divisors: [57, 16445, 95, 9867, 115, 8151, 143, 6555, 285, 3289, 299, 3135, 345, 2717, 429, 2185, 437, 2145, 759, 1235, 897, 1045]
Omitted divisors: [57, 16445, 69, 13585, 95, 9867, 143, 6555, 209, 4485, 345, 2717, 627, 1495, 759, 1235, 897, 1045]
Omitted divisors: [33, 28405, 115, 8151, 165, 5681, 195, 4807, 253, 3705, 345, 2717, 627, 1495, 759, 1235, 897, 1045]
Omitted divisors: [57, 16445, 69, 13585, 95, 9867, 115, 8151, 285, 3289, 429, 2185, 627, 1495, 759, 1235, 897, 1045]
Omitted divisors: [39, 24035, 69, 13585, 143, 6555, 253, 3705, 285, 3289, 429, 2185, 627, 1495, 759, 1235, 897, 1045]
Omitted divisors: [69, 13585, 95, 9867, 115, 8151, 143, 6555, 165, 5681, 253, 3705, 285, 3289, 429, 2185, 627, 1495, 759, 1235, 897, 1045]
Omitted divisors: [57, 16445, 95, 9867, 115, 8151, 195, 4807, 209, 4485, 253, 3705, 285, 3289, 429, 2185, 627, 1495, 759, 1235, 897, 1045]
Omitted divisors: [55, 17043, 65, 14421, 195, 4807, 209, 4485, 247, 3795, 285, 3289, 345, 2717, 429, 2185, 627, 1495, 759, 1235, 897, 1045]
Omitted divisors: [69, 13585, 115, 8151, 165, 5681, 195, 4807, 209, 4485, 247, 3795, 253, 3705, 299, 3135, 345, 2717, 429, 2185, 627, 1495, 759, 1235, 897, 1045]
Omitted divisors: [39, 24035, 143, 6555, 165, 5681, 209, 4485, 247, 3795, 285, 3289, 345, 2717, 437, 2145, 627, 1495, 759, 1235, 897, 1045]
Omitted divisors: [39, 24035, 143, 6555, 165, 5681, 195, 4807, 209, 4485, 345, 2717, 429, 2185, 437, 2145, 627, 1495, 759, 1235, 897, 1045]
Omitted divisors: [69, 13585, 115, 8151, 143, 6555, 195, 4807, 209, 4485, 247, 3795, 253, 3705, 345, 2717, 429, 2185, 437, 2145, 627, 1495, 759, 1235, 897, 1045]
Omitted divisors: [39, 24035, 115, 8151, 165, 5681, 209, 4485, 299, 3135, 345, 2717, 429, 2185, 437, 2145, 627, 1495, 759, 1235, 897, 1045]
Omitted divisors: [33, 28405, 95, 9867, 209, 4485, 247, 3795, 253, 3705, 285, 3289, 715, 1311, 759, 1235, 897, 1045]
Omitted divisors: [57, 16445, 95, 9867, 143, 6555, 165, 5681, 209, 4485, 253, 3705, 285, 3289, 299, 3135, 715, 1311, 759, 1235, 897, 1045]
Omitted divisors: [57, 16445, 65, 14421, 95, 9867, 143, 6555, 253, 3705, 345, 2717, 715, 1311, 759, 1235, 897, 1045]
Omitted divisors: [55, 17043, 69, 13585, 165, 5681, 247, 3795, 253, 3705, 285, 3289, 299, 3135, 345, 2717, 715, 1311, 759, 1235, 897, 1045]
Omitted divisors: [33, 28405, 69, 13585, 95, 9867, 429, 2185, 715, 1311, 759, 1235, 897, 1045]
Omitted divisors: [33, 28405, 115, 8151, 143, 6555, 209, 4485, 253, 3705, 429, 2185, 715, 1311, 759, 1235, 897, 1045]
Omitted divisors: [33, 28405, 95, 9867, 195, 4807, 209, 4485, 253, 3705, 429, 2185, 715, 1311, 759, 1235, 897, 1045]
Omitted divisors: [57, 16445, 69, 13585, 165, 5681, 195, 4807, 247, 3795, 285, 3289, 299, 3135, 429, 2185, 715, 1311, 759, 1235, 897, 1045]
Omitted divisors: [55, 17043, 69, 13585, 165, 5681, 195, 4807, 253, 3705, 299, 3135, 345, 2717, 429, 2185, 715, 1311, 759, 1235, 897, 1045]
Omitted divisors: [55, 17043, 65, 14421, 95, 9867, 165, 5681, 209, 4485, 437, 2145, 715, 1311, 759, 1235, 897, 1045]
Omitted divisors: [65, 14421, 69, 13585, 115, 8151, 195, 4807, 247, 3795, 285, 3289, 345, 2717, 437, 2145, 715, 1311, 759, 1235, 897, 1045]
Omitted divisors: [55, 17043, 69, 13585, 143, 6555, 247, 3795, 253, 3705, 285, 3289, 345, 2717, 437, 2145, 715, 1311, 759, 1235, 897, 1045]
Omitted divisors: [57, 16445, 69, 13585, 143, 6555, 209, 4485, 247, 3795, 299, 3135, 345, 2717, 437, 2145, 715, 1311, 759, 1235, 897, 1045]
Omitted divisors: [57, 16445, 69, 13585, 143, 6555, 195, 4807, 247, 3795, 285, 3289, 429, 2185, 437, 2145, 715, 1311, 759, 1235, 897, 1045]
Omitted divisors: [57, 16445, 69, 13585, 115, 8151, 247, 3795, 285, 3289, 299, 3135, 429, 2185, 437, 2145, 715, 1311, 759, 1235, 897, 1045]
Omitted divisors: [69, 13585, 115, 8151, 143, 6555, 165, 5681, 247, 3795, 253, 3705, 285, 3289, 299, 3135, 429, 2185, 437, 2145, 715, 1311, 759, 1235, 897, 1045]
Omitted divisors: [69, 13585, 95, 9867, 165, 5681, 195, 4807, 247, 3795, 253, 3705, 285, 3289, 299, 3135, 429, 2185, 437, 2145, 715, 1311, 759, 1235, 897, 1045]
Omitted divisors: [57, 16445, 115, 8151, 195, 4807, 209, 4485, 247, 3795, 253, 3705, 285, 3289, 299, 3135, 429, 2185, 437, 2145, 715, 1311, 759, 1235, 897, 1045]
Omitted divisors: [55, 17043, 69, 13585, 143, 6555, 195, 4807, 253, 3705, 345, 2717, 429, 2185, 437, 2145, 715, 1311, 759, 1235, 897, 1045]
Omitted divisors: [55, 17043, 65, 14421, 143, 6555, 209, 4485, 299, 3135, 345, 2717, 429, 2185, 437, 2145, 715, 1311, 759, 1235, 897, 1045]
Omitted divisors: [55, 17043, 69, 13585, 115, 8151, 253, 3705, 299, 3135, 345, 2717, 429, 2185, 437, 2145, 715, 1311, 759, 1235, 897, 1045]
Omitted divisors: [33, 28405, 69, 13585, 253, 3705, 299, 3135, 345, 2717, 627, 1495, 715, 1311, 759, 1235, 897, 1045]
Omitted divisors: [55, 17043, 65, 14421, 69, 13585, 209, 4485, 429, 2185, 627, 1495, 715, 1311, 759, 1235, 897, 1045]
Omitted divisors: [33, 28405, 65, 14421, 285, 3289, 299, 3135, 429, 2185, 627, 1495, 715, 1311, 759, 1235, 897, 1045]
Omitted divisors: [55, 17043, 69, 13585, 143, 6555, 165, 5681, 285, 3289, 345, 2717, 429, 2185, 627, 1495, 715, 1311, 759, 1235, 897, 1045]
Omitted divisors: [55, 17043, 57, 16445, 195, 4807, 209, 4485, 285, 3289, 345, 2717, 429, 2185, 627, 1495, 715, 1311, 759, 1235, 897, 1045]
Omitted divisors: [57, 16445, 65, 14421, 115, 8151, 247, 3795, 285, 3289, 345, 2717, 429, 2185, 627, 1495, 715, 1311, 759, 1235, 897, 1045]
Omitted divisors: [55, 17043, 143, 6555, 165, 5681, 195, 4807, 209, 4485, 253, 3705, 285, 3289, 345, 2717, 429, 2185, 627, 1495, 715, 1311, 759, 1235, 897, 1045]
Omitted divisors: [65, 14421, 115, 8151, 143, 6555, 165, 5681, 247, 3795, 253, 3705, 285, 3289, 345, 2717, 429, 2185, 627, 1495, 715, 1311, 759, 1235, 897, 1045]
Omitted divisors: [65, 14421, 95, 9867, 165, 5681, 195, 4807, 247, 3795, 253, 3705, 285, 3289, 345, 2717, 429, 2185, 627, 1495, 715, 1311, 759, 1235, 897, 1045]
Omitted divisors: [55, 17043, 115, 8151, 165, 5681, 209, 4485, 253, 3705, 285, 3289, 299, 3135, 345, 2717, 429, 2185, 627, 1495, 715, 1311, 759, 1235, 897, 1045]
Omitted divisors: [55, 17043, 65, 14421, 165, 5681, 195, 4807, 253, 3705, 285, 3289, 437, 2145, 627, 1495, 715, 1311, 759, 1235, 897, 1045]
Omitted divisors: [57, 16445, 65, 14421, 165, 5681, 195, 4807, 209, 4485, 299, 3135, 437, 2145, 627, 1495, 715, 1311, 759, 1235, 897, 1045]
Omitted divisors: [33, 28405, 165, 5681, 195, 4807, 247, 3795, 285, 3289, 345, 2717, 437, 2145, 627, 1495, 715, 1311, 759, 1235, 897, 1045]
Omitted divisors: [55, 17043, 69, 13585, 95, 9867, 285, 3289, 345, 2717, 429, 2185, 437, 2145, 627, 1495, 715, 1311, 759, 1235, 897, 1045]
Omitted divisors: [55, 17043, 115, 8151, 143, 6555, 209, 4485, 253, 3705, 285, 3289, 345, 2717, 429, 2185, 437, 2145, 627, 1495, 715, 1311, 759, 1235, 897, 1045]
Omitted divisors: [55, 17043, 95, 9867, 195, 4807, 209, 4485, 253, 3705, 285, 3289, 345, 2717, 429, 2185, 437, 2145, 627, 1495, 715, 1311, 759, 1235, 897, 1045]
Omitted divisors: [65, 14421, 95, 9867, 115, 8151, 247, 3795, 253, 3705, 285, 3289, 345, 2717, 429, 2185, 437, 2145, 627, 1495, 715, 1311, 759, 1235, 897, 1045]
Omitted divisors: [69, 13585, 95, 9867, 143, 6555, 165, 5681, 209, 4485, 299, 3135, 345, 2717, 429, 2185, 437, 2145, 627, 1495, 715, 1311, 759, 1235, 897, 1045]
Omitted divisors: [39, 24035, 57, 16445, 115, 8151, 165, 5681, 741, 1265, 759, 1235, 897, 1045]
Omitted divisors: [65, 14421, 69, 13585, 95, 9867, 143, 6555, 165, 5681, 247, 3795, 741, 1265, 759, 1235, 897, 1045]
Omitted divisors: [57, 16445, 65, 14421, 115, 8151, 143, 6555, 209, 4485, 247, 3795, 741, 1265, 759, 1235, 897, 1045]
Omitted divisors: [57, 16445, 65, 14421, 95, 9867, 195, 4807, 209, 4485, 247, 3795, 741, 1265, 759, 1235, 897, 1045]
Omitted divisors: [65, 14421, 95, 9867, 143, 6555, 165, 5681, 195, 4807, 209, 4485, 247, 3795, 253, 3705, 741, 1265, 759, 1235, 897, 1045]
Omitted divisors: [55, 17043, 69, 13585, 95, 9867, 165, 5681, 209, 4485, 299, 3135, 741, 1265, 759, 1235, 897, 1045]
Omitted divisors: [39, 24035, 65, 14421, 209, 4485, 247, 3795, 253, 3705, 299, 3135, 741, 1265, 759, 1235, 897, 1045]
Omitted divisors: [65, 14421, 95, 9867, 115, 8151, 165, 5681, 209, 4485, 247, 3795, 253, 3705, 299, 3135, 741, 1265, 759, 1235, 897, 1045]
Omitted divisors: [23, 40755, 165, 5681, 195, 4807, 345, 2717, 741, 1265, 759, 1235, 897, 1045]
Omitted divisors: [57, 16445, 95, 9867, 143, 6555, 165, 5681, 195, 4807, 247, 3795, 285, 3289, 345, 2717, 741, 1265, 759, 1235, 897, 1045]
Omitted divisors: [39, 24035, 57, 16445, 247, 3795, 285, 3289, 299, 3135, 345, 2717, 741, 1265, 759, 1235, 897, 1045]
Omitted divisors: [57, 16445, 95, 9867, 115, 8151, 165, 5681, 247, 3795, 285, 3289, 299, 3135, 345, 2717, 741, 1265, 759, 1235, 897, 1045]
Omitted divisors: [39, 24035, 143, 6555, 165, 5681, 247, 3795, 253, 3705, 285, 3289, 299, 3135, 345, 2717, 741, 1265, 759, 1235, 897, 1045]
Omitted divisors: [39, 24035, 57, 16445, 195, 4807, 299, 3135, 345, 2717, 429, 2185, 741, 1265, 759, 1235, 897, 1045]
Omitted divisors: [57, 16445, 95, 9867, 115, 8151, 165, 5681, 195, 4807, 299, 3135, 345, 2717, 429, 2185, 741, 1265, 759, 1235, 897, 1045]
Omitted divisors: [39, 24035, 143, 6555, 165, 5681, 195, 4807, 253, 3705, 299, 3135, 345, 2717, 429, 2185, 741, 1265, 759, 1235, 897, 1045]
Omitted divisors: [55, 17043, 69, 13585, 95, 9867, 143, 6555, 209, 4485, 437, 2145, 741, 1265, 759, 1235, 897, 1045]
Omitted divisors: [39, 24035, 95, 9867, 115, 8151, 165, 5681, 253, 3705, 437, 2145, 741, 1265, 759, 1235, 897, 1045]
Omitted divisors: [65, 14421, 95, 9867, 115, 8151, 143, 6555, 209, 4485, 247, 3795, 253, 3705, 437, 2145, 741, 1265, 759, 1235, 897, 1045]
Omitted divisors: [33, 28405, 95, 9867, 143, 6555, 285, 3289, 299, 3135, 437, 2145, 741, 1265, 759, 1235, 897, 1045]
Omitted divisors: [23, 40755, 115, 8151, 345, 2717, 437, 2145, 741, 1265, 759, 1235, 897, 1045]
Omitted divisors: [57, 16445, 95, 9867, 115, 8151, 143, 6555, 247, 3795, 285, 3289, 345, 2717, 437, 2145, 741, 1265, 759, 1235, 897, 1045]
Omitted divisors: [39, 24035, 115, 8151, 195, 4807, 209, 4485, 285, 3289, 299, 3135, 345, 2717, 437, 2145, 741, 1265, 759, 1235, 897, 1045]
Omitted divisors: [39, 24035, 95, 9867, 247, 3795, 253, 3705, 285, 3289, 299, 3135, 345, 2717, 437, 2145, 741, 1265, 759, 1235, 897, 1045]
Omitted divisors: [57, 16445, 95, 9867, 115, 8151, 143, 6555, 195, 4807, 345, 2717, 429, 2185, 437, 2145, 741, 1265, 759, 1235, 897, 1045]
Omitted divisors: [39, 24035, 115, 8151, 143, 6555, 253, 3705, 299, 3135, 345, 2717, 429, 2185, 437, 2145, 741, 1265, 759, 1235, 897, 1045]
Omitted divisors: [39, 24035, 95, 9867, 195, 4807, 253, 3705, 299, 3135, 345, 2717, 429, 2185, 437, 2145, 741, 1265, 759, 1235, 897, 1045]
Omitted divisors: [55, 17043, 69, 13585, 165, 5681, 195, 4807, 253, 3705, 285, 3289, 299, 3135, 627, 1495, 741, 1265, 759, 1235, 897, 1045]
Omitted divisors: [39, 24035, 65, 14421, 143, 6555, 209, 4485, 429, 2185, 627, 1495, 741, 1265, 759, 1235, 897, 1045]
Omitted divisors: [65, 14421, 95, 9867, 115, 8151, 143, 6555, 165, 5681, 209, 4485, 429, 2185, 627, 1495, 741, 1265, 759, 1235, 897, 1045]
Omitted divisors: [39, 24035, 69, 13585, 115, 8151, 253, 3705, 429, 2185, 627, 1495, 741, 1265, 759, 1235, 897, 1045]
Omitted divisors: [69, 13585, 95, 9867, 143, 6555, 195, 4807, 247, 3795, 253, 3705, 285, 3289, 345, 2717, 429, 2185, 627, 1495, 741, 1265, 759, 1235, 897, 1045]
Omitted divisors: [39, 24035, 95, 9867, 165, 5681, 285, 3289, 299, 3135, 345, 2717, 429, 2185, 627, 1495, 741, 1265, 759, 1235, 897, 1045]
Omitted divisors: [65, 14421, 95, 9867, 143, 6555, 209, 4485, 247, 3795, 285, 3289, 299, 3135, 345, 2717, 429, 2185, 627, 1495, 741, 1265, 759, 1235, 897, 1045]
Omitted divisors: [69, 13585, 95, 9867, 115, 8151, 247, 3795, 253, 3705, 285, 3289, 299, 3135, 345, 2717, 429, 2185, 627, 1495, 741, 1265, 759, 1235, 897, 1045]
Omitted divisors: [55, 17043, 69, 13585, 143, 6555, 195, 4807, 253, 3705, 285, 3289, 437, 2145, 627, 1495, 741, 1265, 759, 1235, 897, 1045]
Omitted divisors: [57, 16445, 69, 13585, 143, 6555, 195, 4807, 209, 4485, 299, 3135, 437, 2145, 627, 1495, 741, 1265, 759, 1235, 897, 1045]
Omitted divisors: [55, 17043, 65, 14421, 143, 6555, 209, 4485, 285, 3289, 299, 3135, 437, 2145, 627, 1495, 741, 1265, 759, 1235, 897, 1045]
Omitted divisors: [55, 17043, 69, 13585, 115, 8151, 253, 3705, 285, 3289, 299, 3135, 437, 2145, 627, 1495, 741, 1265, 759, 1235, 897, 1045]
Omitted divisors: [39, 24035, 115, 8151, 165, 5681, 209, 4485, 247, 3795, 345, 2717, 437, 2145, 627, 1495, 741, 1265, 759, 1235, 897, 1045]
Omitted divisors: [55, 17043, 57, 16445, 165, 5681, 247, 3795, 299, 3135, 345, 2717, 437, 2145, 627, 1495, 741, 1265, 759, 1235, 897, 1045]
Omitted divisors: [39, 24035, 95, 9867, 143, 6555, 285, 3289, 345, 2717, 429, 2185, 437, 2145, 627, 1495, 741, 1265, 759, 1235, 897, 1045]
Omitted divisors: [57, 16445, 69, 13585, 95, 9867, 143, 6555, 165, 5681, 715, 1311, 741, 1265, 759, 1235, 897, 1045]
Omitted divisors: [57, 16445, 95, 9867, 143, 6555, 165, 5681, 195, 4807, 209, 4485, 253, 3705, 715, 1311, 741, 1265, 759, 1235, 897, 1045]
Omitted divisors: [39, 24035, 57, 16445, 209, 4485, 253, 3705, 299, 3135, 715, 1311, 741, 1265, 759, 1235, 897, 1045]
Omitted divisors: [57, 16445, 95, 9867, 115, 8151, 165, 5681, 209, 4485, 253, 3705, 299, 3135, 715, 1311, 741, 1265, 759, 1235, 897, 1045]
Omitted divisors: [55, 17043, 69, 13585, 165, 5681, 195, 4807, 247, 3795, 253, 3705, 345, 2717, 715, 1311, 741, 1265, 759, 1235, 897, 1045]
Omitted divisors: [55, 17043, 65, 14421, 165, 5681, 209, 4485, 247, 3795, 299, 3135, 345, 2717, 715, 1311, 741, 1265, 759, 1235, 897, 1045]
Omitted divisors: [55, 17043, 65, 14421, 165, 5681, 195, 4807, 247, 3795, 285, 3289, 429, 2185, 715, 1311, 741, 1265, 759, 1235, 897, 1045]
Omitted divisors: [57, 16445, 95, 9867, 115, 8151, 143, 6555, 209, 4485, 253, 3705, 437, 2145, 715, 1311, 741, 1265, 759, 1235, 897, 1045]
Omitted divisors: [57, 16445, 65, 14421, 143, 6555, 195, 4807, 253, 3705, 299, 3135, 437, 2145, 715, 1311, 741, 1265, 759, 1235, 897, 1045]
Omitted divisors: [39, 24035, 55, 17043, 165, 5681, 345, 2717, 437, 2145, 715, 1311, 741, 1265, 759, 1235, 897, 1045]
Omitted divisors: [55, 17043, 65, 14421, 143, 6555, 209, 4485, 247, 3795, 345, 2717, 437, 2145, 715, 1311, 741, 1265, 759, 1235, 897, 1045]
Omitted divisors: [55, 17043, 69, 13585, 115, 8151, 247, 3795, 253, 3705, 345, 2717, 437, 2145, 715, 1311, 741, 1265, 759, 1235, 897, 1045]
Omitted divisors: [69, 13585, 95, 9867, 143, 6555, 195, 4807, 209, 4485, 285, 3289, 299, 3135, 345, 2717, 437, 2145, 715, 1311, 741, 1265, 759, 1235, 897, 1045]
Omitted divisors: [57, 16445, 69, 13585, 115, 8151, 195, 4807, 247, 3795, 429, 2185, 437, 2145, 715, 1311, 741, 1265, 759, 1235, 897, 1045]
Omitted divisors: [69, 13585, 115, 8151, 143, 6555, 165, 5681, 195, 4807, 247, 3795, 253, 3705, 429, 2185, 437, 2145, 715, 1311, 741, 1265, 759, 1235, 897, 1045]
Omitted divisors: [55, 17043, 65, 14421, 115, 8151, 247, 3795, 285, 3289, 429, 2185, 437, 2145, 715, 1311, 741, 1265, 759, 1235, 897, 1045]
Omitted divisors: [65, 14421, 115, 8151, 143, 6555, 165, 5681, 209, 4485, 247, 3795, 299, 3135, 429, 2185, 437, 2145, 715, 1311, 741, 1265, 759, 1235, 897, 1045]
Omitted divisors: [65, 14421, 95, 9867, 165, 5681, 195, 4807, 209, 4485, 247, 3795, 299, 3135, 429, 2185, 437, 2145, 715, 1311, 741, 1265, 759, 1235, 897, 1045]
Omitted divisors: [33, 28405, 65, 14421, 247, 3795, 285, 3289, 627, 1495, 715, 1311, 741, 1265, 759, 1235, 897, 1045]
Omitted divisors: [57, 16445, 65, 14421, 143, 6555, 165, 5681, 285, 3289, 299, 3135, 627, 1495, 715, 1311, 741, 1265, 759, 1235, 897, 1045]
Omitted divisors: [55, 17043, 115, 8151, 165, 5681, 209, 4485, 247, 3795, 253, 3705, 285, 3289, 345, 2717, 627, 1495, 715, 1311, 741, 1265, 759, 1235, 897, 1045]
Omitted divisors: [33, 28405, 65, 14421, 195, 4807, 429, 2185, 627, 1495, 715, 1311, 741, 1265, 759, 1235, 897, 1045]
Omitted divisors: [57, 16445, 115, 8151, 165, 5681, 195, 4807, 209, 4485, 247, 3795, 285, 3289, 429, 2185, 627, 1495, 715, 1311, 741, 1265, 759, 1235, 897, 1045]
Omitted divisors: [55, 17043, 69, 13585, 115, 8151, 165, 5681, 345, 2717, 429, 2185, 627, 1495, 715, 1311, 741, 1265, 759, 1235, 897, 1045]
Omitted divisors: [55, 17043, 115, 8151, 165, 5681, 195, 4807, 209, 4485, 253, 3705, 345, 2717, 429, 2185, 627, 1495, 715, 1311, 741, 1265, 759, 1235, 897, 1045]
Omitted divisors: [57, 16445, 95, 9867, 143, 6555, 209, 4485, 285, 3289, 299, 3135, 345, 2717, 429, 2185, 627, 1495, 715, 1311, 741, 1265, 759, 1235, 897, 1045]
Omitted divisors: [57, 16445, 65, 14421, 95, 9867, 285, 3289, 299, 3135, 437, 2145, 627, 1495, 715, 1311, 741, 1265, 759, 1235, 897, 1045]
Omitted divisors: [65, 14421, 95, 9867, 143, 6555, 165, 5681, 253, 3705, 285, 3289, 299, 3135, 437, 2145, 627, 1495, 715, 1311, 741, 1265, 759, 1235, 897, 1045]
Omitted divisors: [69, 13585, 95, 9867, 143, 6555, 165, 5681, 209, 4485, 247, 3795, 345, 2717, 437, 2145, 627, 1495, 715, 1311, 741, 1265, 759, 1235, 897, 1045]
Omitted divisors: [39, 24035, 69, 13585, 247, 3795, 285, 3289, 429, 2185, 437, 2145, 627, 1495, 715, 1311, 741, 1265, 759, 1235, 897, 1045]
Omitted divisors: [69, 13585, 95, 9867, 115, 8151, 165, 5681, 247, 3795, 285, 3289, 429, 2185, 437, 2145, 627, 1495, 715, 1311, 741, 1265, 759, 1235, 897, 1045]
Omitted divisors: [39, 24035, 195, 4807, 209, 4485, 247, 3795, 253, 3705, 285, 3289, 429, 2185, 437, 2145, 627, 1495, 715, 1311, 741, 1265, 759, 1235, 897, 1045]
Omitted divisors: [95, 9867, 115, 8151, 165, 5681, 195, 4807, 209, 4485, 247, 3795, 253, 3705, 285, 3289, 429, 2185, 437, 2145, 627, 1495, 715, 1311, 741, 1265, 759, 1235, 897, 1045]


Number: 1057485
Number of solutions: 28
Omitted divisors: [65, 16269, 85, 12441, 143, 7395, 165, 6409, 195, 5423, 221, 4785, 377, 2805, 429, 2465, 493, 2145]
Omitted divisors: [65, 16269, 85, 12441, 143, 7395, 145, 7293, 165, 6409, 319, 3315, 377, 2805, 493, 2145, 561, 1885]
Omitted divisors: [65, 16269, 85, 12441, 145, 7293, 165, 6409, 187, 5655, 195, 5423, 429, 2465, 493, 2145, 561, 1885]
Omitted divisors: [33, 32045, 85, 12441, 165, 6409, 377, 2805, 435, 2431, 493, 2145, 561, 1885]
Omitted divisors: [33, 32045, 145, 7293, 165, 6409, 377, 2805, 429, 2465, 435, 2431, 493, 2145, 561, 1885, 715, 1479]
Omitted divisors: [65, 16269, 85, 12441, 145, 7293, 165, 6409, 187, 5655, 221, 4785, 319, 3315, 429, 2465, 957, 1105]
Omitted divisors: [55, 19227, 65, 16269, 85, 12441, 165, 6409, 429, 2465, 493, 2145, 957, 1105]
Omitted divisors: [29, 36465, 145, 7293, 165, 6409, 255, 4147, 429, 2465, 561, 1885, 957, 1105]
Omitted divisors: [65, 16269, 85, 12441, 87, 12155, 195, 5423, 221, 4785, 377, 2805, 429, 2465, 561, 1885, 957, 1105]
Omitted divisors: [51, 20735, 85, 12441, 145, 7293, 165, 6409, 255, 4147, 377, 2805, 429, 2465, 561, 1885, 957, 1105]
Omitted divisors: [33, 32045, 85, 12441, 145, 7293, 429, 2465, 435, 2431, 561, 1885, 957, 1105]
Omitted divisors: [39, 27115, 85, 12441, 221, 4785, 255, 4147, 377, 2805, 429, 2465, 493, 2145, 561, 1885, 957, 1105]
Omitted divisors: [65, 16269, 85, 12441, 165, 6409, 195, 5423, 255, 4147, 319, 3315, 377, 2805, 429, 2465, 493, 2145, 561, 1885, 957, 1105]
Omitted divisors: [85, 12441, 87, 12155, 145, 7293, 165, 6409, 195, 5423, 221, 4785, 429, 2465, 435, 2431, 493, 2145, 561, 1885, 957, 1105]
Omitted divisors: [65, 16269, 87, 12155, 145, 7293, 165, 6409, 319, 3315, 377, 2805, 429, 2465, 435, 2431, 493, 2145, 561, 1885, 957, 1105]
Omitted divisors: [33, 32045, 165, 6409, 195, 5423, 221, 4785, 377, 2805, 429, 2465, 493, 2145, 663, 1595, 957, 1105]
Omitted divisors: [33, 32045, 145, 7293, 165, 6409, 319, 3315, 377, 2805, 493, 2145, 561, 1885, 663, 1595, 957, 1105]
Omitted divisors: [65, 16269, 85, 12441, 145, 7293, 187, 5655, 221, 4785, 429, 2465, 435, 2431, 493, 2145, 561, 1885, 663, 1595, 957, 1105]
Omitted divisors: [65, 16269, 85, 12441, 143, 7395, 145, 7293, 165, 6409, 221, 4785, 493, 2145, 715, 1479, 957, 1105]
Omitted divisors: [65, 16269, 85, 12441, 145, 7293, 221, 4785, 255, 4147, 319, 3315, 377, 2805, 429, 2465, 493, 2145, 715, 1479, 957, 1105]
Omitted divisors: [65, 16269, 85, 12441, 165, 6409, 187, 5655, 195, 5423, 377, 2805, 429, 2465, 493, 2145, 561, 1885, 715, 1479, 957, 1105]
Omitted divisors: [65, 16269, 85, 12441, 145, 7293, 195, 5423, 221, 4785, 377, 2805, 435, 2431, 493, 2145, 561, 1885, 715, 1479, 957, 1105]
Omitted divisors: [65, 16269, 85, 12441, 145, 7293, 165, 6409, 255, 4147, 377, 2805, 429, 2465, 561, 1885, 663, 1595, 715, 1479, 957, 1105]
Omitted divisors: [65, 16269, 85, 12441, 165, 6409, 187, 5655, 221, 4785, 319, 3315, 377, 2805, 493, 2145, 561, 1885, 935, 1131, 957, 1105]
Omitted divisors: [65, 16269, 85, 12441, 143, 7395, 195, 5423, 221, 4785, 377, 2805, 429, 2465, 493, 2145, 561, 1885, 935, 1131, 957, 1105]
Omitted divisors: [55, 19227, 85, 12441, 165, 6409, 221, 4785, 319, 3315, 377, 2805, 429, 2465, 493, 2145, 561, 1885, 935, 1131, 957, 1105]
Omitted divisors: [65, 16269, 85, 12441, 145, 7293, 165, 6409, 255, 4147, 377, 2805, 429, 2465, 493, 2145, 715, 1479, 935, 1131, 957, 1105]
Omitted divisors: [65, 16269, 145, 7293, 165, 6409, 187, 5655, 221, 4785, 319, 3315, 377, 2805, 429, 2465, 493, 2145, 561, 1885, 715, 1479, 935, 1131, 957, 1105]


Number: 1095633
Number of solutions: 6
Omitted divisors: [119, 9207, 341, 3213, 459, 2387, 561, 1953, 651, 1683]
Omitted divisors: [153, 7161, 187, 5859, 527, 2079, 651, 1683, 693, 1581]
Omitted divisors: [99, 11067, 153, 7161, 1023, 1071]
Omitted divisors: [153, 7161, 187, 5859, 527, 2079, 561, 1953, 1023, 1071]
Omitted divisors: [153, 7161, 189, 5797, 459, 2387, 651, 1683, 1023, 1071]
Omitted divisors: [153, 7161, 187, 5859, 459, 2387, 693, 1581, 1023, 1071]


Number: 1102725
Number of solutions: 1
Omitted divisors: [325, 3393, 377, 2925]


Number: 1162161
Number of solutions: 38
Omitted divisors: [77, 15093, 91, 12771, 231, 5031, 301, 3861, 351, 3311]
Omitted divisors: [99, 11739, 143, 8127, 189, 6149, 297, 3913, 301, 3861, 351, 3311, 559, 2079]
Omitted divisors: [99, 11739, 117, 9933, 231, 5031, 273, 4257, 351, 3311, 429, 2709, 559, 2079]
Omitted divisors: [91, 12771, 143, 8127, 189, 6149, 297, 3913, 351, 3311, 429, 2709, 559, 2079]
Omitted divisors: [91, 12771, 143, 8127, 231, 5031, 273, 4257, 301, 3861, 351, 3311, 693, 1677]
Omitted divisors: [63, 18447, 99, 11739, 231, 5031, 429, 2709, 693, 1677]
Omitted divisors: [77, 15093, 129, 9009, 297, 3913, 301, 3861, 429, 2709, 473, 2457, 693, 1677]
Omitted divisors: [117, 9933, 189, 6149, 273, 4257, 297, 3913, 301, 3861, 387, 3003, 429, 2709, 473, 2457, 693, 1677]
Omitted divisors: [117, 9933, 129, 9009, 143, 8127, 231, 5031, 387, 3003, 559, 2079, 693, 1677]
Omitted divisors: [63, 18447, 189, 6149, 297, 3913, 351, 3311, 387, 3003, 559, 2079, 693, 1677]
Omitted divisors: [63, 18447, 143, 8127, 351, 3311, 429, 2709, 473, 2457, 693, 1677, 819, 1419]
Omitted divisors: [77, 15093, 117, 9933, 231, 5031, 387, 3003, 559, 2079, 693, 1677, 819, 1419]
Omitted divisors: [63, 18447, 143, 8127, 301, 3861, 473, 2457, 559, 2079, 693, 1677, 819, 1419]
Omitted divisors: [91, 12771, 117, 9933, 231, 5031, 301, 3861, 351, 3311, 473, 2457, 903, 1287]
Omitted divisors: [129, 9009, 143, 8127, 273, 4257, 301, 3861, 351, 3311, 387, 3003, 429, 2709, 559, 2079, 903, 1287]
Omitted divisors: [129, 9009, 143, 8127, 231, 5031, 301, 3861, 387, 3003, 429, 2709, 473, 2457, 559, 2079, 903, 1287]
Omitted divisors: [99, 11739, 189, 6149, 231, 5031, 351, 3311, 387, 3003, 429, 2709, 473, 2457, 693, 1677, 903, 1287]
Omitted divisors: [99, 11739, 189, 6149, 273, 4257, 301, 3861, 351, 3311, 387, 3003, 559, 2079, 693, 1677, 903, 1287]
Omitted divisors: [91, 12771, 189, 6149, 273, 4257, 351, 3311, 387, 3003, 429, 2709, 559, 2079, 693, 1677, 903, 1287]
Omitted divisors: [63, 18447, 143, 8127, 297, 3913, 473, 2457, 559, 2079, 693, 1677, 903, 1287]
Omitted divisors: [99, 11739, 189, 6149, 231, 5031, 301, 3861, 387, 3003, 473, 2457, 559, 2079, 693, 1677, 903, 1287]
Omitted divisors: [91, 12771, 189, 6149, 231, 5031, 387, 3003, 429, 2709, 473, 2457, 559, 2079, 693, 1677, 903, 1287]
Omitted divisors: [117, 9933, 189, 6149, 231, 5031, 273, 4257, 297, 3913, 351, 3311, 559, 2079, 819, 1419, 903, 1287]
Omitted divisors: [77, 15093, 273, 4257, 301, 3861, 351, 3311, 387, 3003, 429, 2709, 559, 2079, 819, 1419, 903, 1287]
Omitted divisors: [77, 15093, 231, 5031, 301, 3861, 387, 3003, 429, 2709, 473, 2457, 559, 2079, 819, 1419, 903, 1287]
Omitted divisors: [63, 18447, 189, 6149, 231, 5031, 297, 3913, 693, 1677, 819, 1419, 903, 1287]
Omitted divisors: [99, 11739, 117, 9933, 143, 8127, 301, 3861, 693, 1677, 819, 1419, 903, 1287]
Omitted divisors: [91, 12771, 117, 9933, 143, 8127, 429, 2709, 693, 1677, 819, 1419, 903, 1287]
Omitted divisors: [117, 9933, 143, 8127, 231, 5031, 297, 3913, 387, 3003, 429, 2709, 693, 1677, 819, 1419, 903, 1287]
Omitted divisors: [143, 8127, 231, 5031, 273, 4257, 301, 3861, 387, 3003, 429, 2709, 473, 2457, 559, 2079, 693, 1677, 819, 1419, 903, 1287]
Omitted divisors: [129, 9009, 231, 5031, 301, 3861, 351, 3311, 387, 3003, 429, 2709, 473, 2457, 559, 2079, 693, 1677, 819, 1419, 903, 1287]
Omitted divisors: [117, 9933, 129, 9009, 273, 4257, 301, 3861, 429, 2709, 473, 2457, 559, 2079, 693, 1677, 1001, 1161]
Omitted divisors: [63, 18447, 143, 8127, 301, 3861, 429, 2709, 559, 2079, 819, 1419, 1001, 1161]
Omitted divisors: [117, 9933, 143, 8127, 189, 6149, 351, 3311, 387, 3003, 559, 2079, 693, 1677, 819, 1419, 1001, 1161]
Omitted divisors: [63, 18447, 143, 8127, 297, 3913, 429, 2709, 559, 2079, 903, 1287, 1001, 1161]
Omitted divisors: [99, 11739, 189, 6149, 231, 5031, 301, 3861, 387, 3003, 429, 2709, 559, 2079, 903, 1287, 1001, 1161]
Omitted divisors: [143, 8127, 189, 6149, 301, 3861, 351, 3311, 387, 3003, 429, 2709, 473, 2457, 559, 2079, 819, 1419, 903, 1287, 1001, 1161]
Omitted divisors: [63, 18447, 297, 3913, 351, 3311, 429, 2709, 559, 2079, 693, 1677, 819, 1419, 903, 1287, 1001, 1161]


Number: 1192725
Number of solutions: 3
Omitted divisors: [285, 4185, 405, 2945, 589, 2025, 675, 1767, 775, 1539]
Omitted divisors: [285, 4185, 465, 2565, 475, 2511, 675, 1767, 837, 1425]
Omitted divisors: [225, 5301, 513, 2325, 775, 1539, 837, 1425, 855, 1395]


Number: 1225785
Number of solutions: 21
Omitted divisors: [115, 10659, 187, 6555, 253, 4845, 255, 4807, 323, 3795, 627, 1955, 759, 1615]
Omitted divisors: [115, 10659, 165, 7429, 253, 4845, 255, 4807, 437, 2805, 561, 2185, 969, 1265]
Omitted divisors: [85, 14421, 209, 5865, 285, 4301, 391, 3135, 437, 2805, 627, 1955, 969, 1265]
Omitted divisors: [69, 17765, 285, 4301, 391, 3135, 437, 2805, 561, 2185, 627, 1955, 969, 1265]
Omitted divisors: [165, 7429, 209, 5865, 255, 4807, 345, 3553, 391, 3135, 437, 2805, 561, 2185, 759, 1615, 969, 1265]
Omitted divisors: [69, 17765, 285, 4301, 345, 3553, 437, 2805, 627, 1955, 759, 1615, 969, 1265]
Omitted divisors: [115, 10659, 165, 7429, 209, 5865, 285, 4301, 437, 2805, 935, 1311, 969, 1265]
Omitted divisors: [85, 14421, 165, 7429, 345, 3553, 391, 3135, 561, 2185, 935, 1311, 969, 1265]
Omitted divisors: [69, 17765, 209, 5865, 437, 2805, 561, 2185, 759, 1615, 935, 1311, 969, 1265]
Omitted divisors: [115, 10659, 165, 7429, 253, 4845, 285, 4301, 345, 3553, 627, 1955, 1045, 1173]
Omitted divisors: [85, 14421, 209, 5865, 253, 4845, 391, 3135, 561, 2185, 627, 1955, 1045, 1173]
Omitted divisors: [85, 14421, 209, 5865, 253, 4845, 345, 3553, 627, 1955, 759, 1615, 1045, 1173]
Omitted divisors: [69, 17765, 253, 4845, 345, 3553, 561, 2185, 627, 1955, 759, 1615, 1045, 1173]
Omitted divisors: [115, 10659, 165, 7429, 209, 5865, 253, 4845, 561, 2185, 935, 1311, 1045, 1173]
Omitted divisors: [85, 14421, 209, 5865, 255, 4807, 345, 3553, 561, 2185, 935, 1311, 1045, 1173]
Omitted divisors: [95, 12903, 165, 7429, 255, 4807, 345, 3553, 561, 2185, 969, 1265, 1045, 1173]
Omitted divisors: [85, 14421, 187, 6555, 255, 4807, 437, 2805, 561, 2185, 969, 1265, 1045, 1173]
Omitted divisors: [187, 6555, 209, 5865, 253, 4845, 285, 4301, 345, 3553, 391, 3135, 759, 1615, 969, 1265, 1045, 1173]
Omitted divisors: [165, 7429, 187, 6555, 209, 5865, 391, 3135, 437, 2805, 561, 2185, 759, 1615, 969, 1265, 1045, 1173]
Omitted divisors: [165, 7429, 209, 5865, 253, 4845, 285, 4301, 323, 3795, 627, 1955, 935, 1311, 969, 1265, 1045, 1173]
Omitted divisors: [95, 12903, 285, 4301, 345, 3553, 437, 2805, 561, 2185, 627, 1955, 935, 1311, 969, 1265, 1045, 1173]


Number: 1263405
Number of solutions: 23
Omitted divisors: [57, 22165, 65, 19437, 285, 4433, 341, 3705, 465, 2717]
Omitted divisors: [57, 22165, 155, 8151, 165, 7657, 285, 4433, 341, 3705, 429, 2945, 465, 2717]
Omitted divisors: [57, 22165, 95, 13299, 285, 4433, 341, 3705, 429, 2945, 465, 2717, 589, 2145]
Omitted divisors: [57, 22165, 93, 13585, 247, 5115, 341, 3705, 465, 2717, 589, 2145, 741, 1705]
Omitted divisors: [93, 13585, 143, 8835, 155, 8151, 209, 6045, 285, 4433, 429, 2945, 465, 2717, 589, 2145, 741, 1705]
Omitted divisors: [65, 19437, 155, 8151, 247, 5115, 285, 4433, 341, 3705, 429, 2945, 465, 2717, 589, 2145, 741, 1705]
Omitted divisors: [57, 22165, 155, 8151, 285, 4433, 341, 3705, 429, 2945, 465, 2717, 589, 2145, 627, 2015, 741, 1705]
Omitted divisors: [65, 19437, 155, 8151, 209, 6045, 285, 4433, 341, 3705, 465, 2717, 589, 2145, 715, 1767, 741, 1705]
Omitted divisors: [65, 19437, 143, 8835, 209, 6045, 285, 4433, 429, 2945, 465, 2717, 589, 2145, 715, 1767, 741, 1705]
Omitted divisors: [57, 22165, 165, 7657, 247, 5115, 341, 3705, 429, 2945, 465, 2717, 589, 2145, 715, 1767, 741, 1705]
Omitted divisors: [93, 13585, 143, 8835, 165, 7657, 209, 6045, 285, 4433, 341, 3705, 465, 2717, 589, 2145, 1023, 1235]
Omitted divisors: [65, 19437, 155, 8151, 165, 7657, 341, 3705, 429, 2945, 465, 2717, 589, 2145, 741, 1705, 1023, 1235]
Omitted divisors: [57, 22165, 93, 13585, 247, 5115, 341, 3705, 429, 2945, 589, 2145, 1045, 1209]
Omitted divisors: [57, 22165, 93, 13585, 209, 6045, 341, 3705, 589, 2145, 715, 1767, 1045, 1209]
Omitted divisors: [65, 19437, 155, 8151, 209, 6045, 285, 4433, 341, 3705, 429, 2945, 589, 2145, 715, 1767, 1045, 1209]
Omitted divisors: [93, 13585, 155, 8151, 209, 6045, 285, 4433, 341, 3705, 429, 2945, 465, 2717, 589, 2145, 627, 2015, 715, 1767, 1045, 1209]
Omitted divisors: [95, 13299, 165, 7657, 209, 6045, 285, 4433, 341, 3705, 403, 3135, 429, 2945, 465, 2717, 627, 2015, 741, 1705, 1045, 1209]
Omitted divisors: [57, 22165, 209, 6045, 247, 5115, 285, 4433, 341, 3705, 429, 2945, 465, 2717, 1023, 1235, 1045, 1209]
Omitted divisors: [57, 22165, 195, 6479, 209, 6045, 285, 4433, 429, 2945, 465, 2717, 589, 2145, 1023, 1235, 1045, 1209]
Omitted divisors: [65, 19437, 93, 13585, 341, 3705, 429, 2945, 465, 2717, 589, 2145, 627, 2015, 1023, 1235, 1045, 1209]
Omitted divisors: [93, 13585, 155, 8151, 195, 6479, 285, 4433, 341, 3705, 429, 2945, 465, 2717, 589, 2145, 741, 1705, 1023, 1235, 1045, 1209]
Omitted divisors: [93, 13585, 143, 8835, 209, 6045, 285, 4433, 341, 3705, 429, 2945, 465, 2717, 715, 1767, 741, 1705, 1023, 1235, 1045, 1209]
Omitted divisors: [65, 19437, 195, 6479, 285, 4433, 341, 3705, 429, 2945, 465, 2717, 589, 2145, 715, 1767, 741, 1705, 1023, 1235, 1045, 1209]


Number: 1264545
Number of solutions: 100
Omitted divisors: [51, 24795, 135, 9367, 145, 8721, 153, 8265, 285, 4437, 435, 2907, 459, 2755]
Omitted divisors: [57, 22185, 95, 13311, 153, 8265, 171, 7395, 285, 4437, 435, 2907, 459, 2755]
Omitted divisors: [57, 22185, 87, 14535, 145, 8721, 171, 7395, 435, 2907, 459, 2755, 493, 2565]
Omitted divisors: [51, 24795, 57, 22185, 135, 9367, 435, 2907, 513, 2465]
Omitted divisors: [51, 24795, 85, 14877, 171, 7395, 261, 4845, 323, 3915, 459, 2755, 513, 2465]
Omitted divisors: [95, 13311, 135, 9367, 145, 8721, 153, 8265, 171, 7395, 285, 4437, 323, 3915, 459, 2755, 513, 2465]
Omitted divisors: [57, 22185, 135, 9367, 171, 7395, 261, 4845, 285, 4437, 323, 3915, 435, 2907, 459, 2755, 513, 2465]
Omitted divisors: [57, 22185, 87, 14535, 153, 8265, 171, 7395, 323, 3915, 513, 2465, 551, 2295]
Omitted divisors: [85, 14877, 87, 14535, 95, 13311, 171, 7395, 255, 4959, 285, 4437, 765, 1653]
Omitted divisors: [85, 14877, 95, 13311, 135, 9367, 255, 4959, 261, 4845, 285, 4437, 323, 3915, 435, 2907, 765, 1653]
Omitted divisors: [51, 24795, 145, 8721, 153, 8265, 285, 4437, 323, 3915, 435, 2907, 459, 2755, 551, 2295, 765, 1653]
Omitted divisors: [85, 14877, 87, 14535, 135, 9367, 171, 7395, 285, 4437, 459, 2755, 493, 2565, 551, 2295, 765, 1653]
Omitted divisors: [87, 14535, 135, 9367, 145, 8721, 255, 4959, 261, 4845, 285, 4437, 435, 2907, 459, 2755, 493, 2565, 551, 2295, 765, 1653]
Omitted divisors: [51, 24795, 57, 22185, 323, 3915, 435, 2907, 513, 2465, 551, 2295, 765, 1653]
Omitted divisors: [87, 14535, 95, 13311, 135, 9367, 145, 8721, 255, 4959, 493, 2565, 513, 2465, 551, 2295, 765, 1653]
Omitted divisors: [57, 22185, 95, 13311, 145, 8721, 153, 8265, 323, 3915, 435, 2907, 783, 1615]
Omitted divisors: [57, 22185, 87, 14535, 145, 8721, 171, 7395, 323, 3915, 513, 2465, 783, 1615]
Omitted divisors: [45, 28101, 85, 14877, 255, 4959, 261, 4845, 323, 3915, 551, 2295, 783, 1615]
Omitted divisors: [85, 14877, 95, 13311, 135, 9367, 153, 8265, 261, 4845, 459, 2755, 493, 2565, 551, 2295, 783, 1615]
Omitted divisors: [51, 24795, 145, 8721, 153, 8265, 261, 4845, 323, 3915, 459, 2755, 513, 2465, 551, 2295, 783, 1615]
Omitted divisors: [45, 28101, 135, 9367, 255, 4959, 285, 4437, 323, 3915, 459, 2755, 493, 2565, 765, 1653, 783, 1615]
Omitted divisors: [87, 14535, 135, 9367, 153, 8265, 255, 4959, 261, 4845, 285, 4437, 323, 3915, 459, 2755, 493, 2565, 765, 1653, 783, 1615]
Omitted divisors: [87, 14535, 95, 13311, 145, 8721, 153, 8265, 255, 4959, 285, 4437, 551, 2295, 765, 1653, 783, 1615]
Omitted divisors: [85, 14877, 95, 13311, 135, 9367, 153, 8265, 285, 4437, 323, 3915, 551, 2295, 765, 1653, 783, 1615]
Omitted divisors: [57, 22185, 87, 14535, 255, 4959, 261, 4845, 285, 4437, 435, 2907, 551, 2295, 765, 1653, 783, 1615]
Omitted divisors: [85, 14877, 87, 14535, 135, 9367, 145, 8721, 323, 3915, 493, 2565, 551, 2295, 765, 1653, 783, 1615]
Omitted divisors: [29, 43605, 255, 4959, 435, 2907, 493, 2565, 551, 2295, 765, 1653, 783, 1615]
Omitted divisors: [45, 28101, 87, 14535, 135, 9367, 513, 2465, 551, 2295, 765, 1653, 783, 1615]
Omitted divisors: [87, 14535, 135, 9367, 145, 8721, 255, 4959, 261, 4845, 285, 4437, 323, 3915, 513, 2465, 551, 2295, 765, 1653, 783, 1615]
Omitted divisors: [95, 13311, 135, 9367, 153, 8265, 171, 7395, 255, 4959, 261, 4845, 493, 2565, 513, 2465, 551, 2295, 765, 1653, 783, 1615]
Omitted divisors: [85, 14877, 95, 13311, 171, 7395, 255, 4959, 285, 4437, 435, 2907, 493, 2565, 513, 2465, 551, 2295, 765, 1653, 783, 1615]
Omitted divisors: [45, 28101, 145, 8721, 153, 8265, 171, 7395, 323, 3915, 435, 2907, 855, 1479]
Omitted divisors: [85, 14877, 87, 14535, 95, 13311, 135, 9367, 261, 4845, 513, 2465, 855, 1479]
Omitted divisors: [51, 24795, 57, 22185, 323, 3915, 459, 2755, 493, 2565, 513, 2465, 855, 1479]
Omitted divisors: [45, 28101, 85, 14877, 87, 14535, 551, 2295, 855, 1479]
Omitted divisors: [85, 14877, 87, 14535, 145, 8721, 255, 4959, 261, 4845, 285, 4437, 323, 3915, 551, 2295, 855, 1479]
Omitted divisors: [85, 14877, 95, 13311, 153, 8265, 171, 7395, 255, 4959, 261, 4845, 493, 2565, 551, 2295, 855, 1479]
Omitted divisors: [57, 22185, 145, 8721, 153, 8265, 171, 7395, 323, 3915, 435, 2907, 493, 2565, 551, 2295, 855, 1479]
Omitted divisors: [85, 14877, 95, 13311, 135, 9367, 145, 8721, 285, 4437, 459, 2755, 493, 2565, 551, 2295, 855, 1479]
Omitted divisors: [85, 14877, 87, 14535, 135, 9367, 171, 7395, 261, 4845, 435, 2907, 493, 2565, 765, 1653, 855, 1479]
Omitted divisors: [57, 22185, 135, 9367, 153, 8265, 171, 7395, 323, 3915, 459, 2755, 513, 2465, 765, 1653, 855, 1479]
Omitted divisors: [85, 14877, 87, 14535, 95, 13311, 261, 4845, 323, 3915, 513, 2465, 551, 2295, 765, 1653, 855, 1479]
Omitted divisors: [95, 13311, 135, 9367, 145, 8721, 171, 7395, 255, 4959, 285, 4437, 493, 2565, 513, 2465, 551, 2295, 765, 1653, 855, 1479]
Omitted divisors: [85, 14877, 95, 13311, 145, 8721, 171, 7395, 255, 4959, 261, 4845, 493, 2565, 783, 1615, 855, 1479]
Omitted divisors: [57, 22185, 87, 14535, 255, 4959, 261, 4845, 285, 4437, 459, 2755, 493, 2565, 783, 1615, 855, 1479]
Omitted divisors: [57, 22185, 85, 14877, 95, 13311, 285, 4437, 551, 2295, 783, 1615, 855, 1479]
Omitted divisors: [51, 24795, 87, 14535, 261, 4845, 285, 4437, 493, 2565, 513, 2465, 551, 2295, 783, 1615, 855, 1479]
Omitted divisors: [51, 24795, 135, 9367, 153, 8265, 255, 4959, 285, 4437, 493, 2565, 765, 1653, 783, 1615, 855, 1479]
Omitted divisors: [87, 14535, 95, 13311, 153, 8265, 255, 4959, 285, 4437, 435, 2907, 493, 2565, 513, 2465, 765, 1653, 783, 1615, 855, 1479]
Omitted divisors: [85, 14877, 135, 9367, 145, 8721, 171, 7395, 285, 4437, 323, 3915, 493, 2565, 551, 2295, 765, 1653, 783, 1615, 855, 1479]
Omitted divisors: [45, 28101, 135, 9367, 145, 8721, 435, 2907, 493, 2565, 551, 2295, 765, 1653, 783, 1615, 855, 1479]
Omitted divisors: [87, 14535, 135, 9367, 145, 8721, 153, 8265, 261, 4845, 435, 2907, 493, 2565, 551, 2295, 765, 1653, 783, 1615, 855, 1479]
Omitted divisors: [45, 28101, 135, 9367, 171, 7395, 285, 4437, 513, 2465, 551, 2295, 765, 1653, 783, 1615, 855, 1479]
Omitted divisors: [87, 14535, 135, 9367, 153, 8265, 171, 7395, 261, 4845, 285, 4437, 513, 2465, 551, 2295, 765, 1653, 783, 1615, 855, 1479]
Omitted divisors: [85, 14877, 95, 13311, 153, 8265, 255, 4959, 285, 4437, 459, 2755, 513, 2465, 551, 2295, 765, 1653, 783, 1615, 855, 1479]
Omitted divisors: [87, 14535, 95, 13311, 145, 8721, 261, 4845, 285, 4437, 459, 2755, 513, 2465, 551, 2295, 765, 1653, 783, 1615, 855, 1479]
Omitted divisors: [85, 14877, 87, 14535, 145, 8721, 255, 4959, 459, 2755, 493, 2565, 513, 2465, 551, 2295, 765, 1653, 783, 1615, 855, 1479]
Omitted divisors: [57, 22185, 95, 13311, 145, 8721, 171, 7395, 255, 4959, 435, 2907, 969, 1305]
Omitted divisors: [51, 24795, 87, 14535, 145, 8721, 285, 4437, 323, 3915, 435, 2907, 969, 1305]
Omitted divisors: [45, 28101, 135, 9367, 145, 8721, 171, 7395, 435, 2907, 459, 2755, 969, 1305]
Omitted divisors: [87, 14535, 135, 9367, 145, 8721, 153, 8265, 171, 7395, 261, 4845, 435, 2907, 459, 2755, 969, 1305]
Omitted divisors: [51, 24795, 95, 13311, 153, 8265, 171, 7395, 435, 2907, 493, 2565, 969, 1305]
Omitted divisors: [51, 24795, 135, 9367, 171, 7395, 261, 4845, 323, 3915, 435, 2907, 493, 2565, 513, 2465, 969, 1305]
Omitted divisors: [57, 22185, 135, 9367, 145, 8721, 171, 7395, 435, 2907, 459, 2755, 493, 2565, 551, 2295, 969, 1305]
Omitted divisors: [51, 24795, 145, 8721, 171, 7395, 255, 4959, 261, 4845, 459, 2755, 513, 2465, 551, 2295, 969, 1305]
Omitted divisors: [51, 24795, 153, 8265, 171, 7395, 255, 4959, 285, 4437, 323, 3915, 459, 2755, 765, 1653, 969, 1305]
Omitted divisors: [95, 13311, 135, 9367, 145, 8721, 171, 7395, 261, 4845, 323, 3915, 435, 2907, 459, 2755, 513, 2465, 765, 1653, 969, 1305]
Omitted divisors: [85, 14877, 95, 13311, 135, 9367, 171, 7395, 255, 4959, 285, 4437, 551, 2295, 765, 1653, 969, 1305]
Omitted divisors: [45, 28101, 145, 8721, 171, 7395, 323, 3915, 435, 2907, 459, 2755, 551, 2295, 765, 1653, 969, 1305]
Omitted divisors: [87, 14535, 145, 8721, 153, 8265, 171, 7395, 261, 4845, 323, 3915, 435, 2907, 459, 2755, 551, 2295, 765, 1653, 969, 1305]
Omitted divisors: [51, 24795, 153, 8265, 171, 7395, 261, 4845, 285, 4437, 323, 3915, 435, 2907, 783, 1615, 969, 1305]
Omitted divisors: [57, 22185, 135, 9367, 153, 8265, 171, 7395, 323, 3915, 459, 2755, 493, 2565, 783, 1615, 969, 1305]
Omitted divisors: [87, 14535, 135, 9367, 145, 8721, 153, 8265, 323, 3915, 435, 2907, 459, 2755, 493, 2565, 513, 2465, 783, 1615, 969, 1305]
Omitted divisors: [85, 14877, 87, 14535, 95, 13311, 261, 4845, 323, 3915, 493, 2565, 551, 2295, 783, 1615, 969, 1305]
Omitted divisors: [57, 22185, 135, 9367, 145, 8721, 171, 7395, 323, 3915, 513, 2465, 551, 2295, 783, 1615, 969, 1305]
Omitted divisors: [85, 14877, 145, 8721, 153, 8265, 171, 7395, 255, 4959, 323, 3915, 435, 2907, 459, 2755, 765, 1653, 783, 1615, 969, 1305]
Omitted divisors: [57, 22185, 153, 8265, 171, 7395, 255, 4959, 435, 2907, 459, 2755, 513, 2465, 551, 2295, 765, 1653, 783, 1615, 969, 1305]
Omitted divisors: [51, 24795, 135, 9367, 153, 8265, 261, 4845, 323, 3915, 459, 2755, 513, 2465, 855, 1479, 969, 1305]
Omitted divisors: [51, 24795, 85, 14877, 285, 4437, 323, 3915, 435, 2907, 459, 2755, 513, 2465, 855, 1479, 969, 1305]
Omitted divisors: [87, 14535, 145, 8721, 153, 8265, 171, 7395, 255, 4959, 323, 3915, 435, 2907, 493, 2565, 513, 2465, 855, 1479, 969, 1305]
Omitted divisors: [85, 14877, 145, 8721, 153, 8265, 171, 7395, 255, 4959, 323, 3915, 459, 2755, 513, 2465, 551, 2295, 855, 1479, 969, 1305]
Omitted divisors: [87, 14535, 95, 13311, 135, 9367, 153, 8265, 255, 4959, 285, 4437, 765, 1653, 855, 1479, 969, 1305]
Omitted divisors: [51, 24795, 145, 8721, 153, 8265, 171, 7395, 435, 2907, 551, 2295, 765, 1653, 855, 1479, 969, 1305]
Omitted divisors: [45, 28101, 95, 13311, 255, 4959, 459, 2755, 493, 2565, 551, 2295, 765, 1653, 855, 1479, 969, 1305]
Omitted divisors: [87, 14535, 95, 13311, 153, 8265, 255, 4959, 261, 4845, 459, 2755, 493, 2565, 551, 2295, 765, 1653, 855, 1479, 969, 1305]
Omitted divisors: [45, 28101, 135, 9367, 255, 4959, 261, 4845, 285, 4437, 459, 2755, 783, 1615, 855, 1479, 969, 1305]
Omitted divisors: [85, 14877, 87, 14535, 95, 13311, 255, 4959, 285, 4437, 513, 2465, 783, 1615, 855, 1479, 969, 1305]
Omitted divisors: [135, 9367, 145, 8721, 153, 8265, 171, 7395, 285, 4437, 323, 3915, 435, 2907, 459, 2755, 493, 2565, 513, 2465, 783, 1615, 855, 1479, 969, 1305]
Omitted divisors: [85, 14877, 87, 14535, 135, 9367, 145, 8721, 261, 4845, 551, 2295, 783, 1615, 855, 1479, 969, 1305]
Omitted divisors: [85, 14877, 95, 13311, 171, 7395, 261, 4845, 285, 4437, 323, 3915, 493, 2565, 551, 2295, 783, 1615, 855, 1479, 969, 1305]
Omitted divisors: [45, 28101, 95, 13311, 261, 4845, 435, 2907, 493, 2565, 551, 2295, 783, 1615, 855, 1479, 969, 1305]
Omitted divisors: [57, 22185, 135, 9367, 255, 4959, 261, 4845, 285, 4437, 459, 2755, 493, 2565, 551, 2295, 783, 1615, 855, 1479, 969, 1305]
Omitted divisors: [85, 14877, 87, 14535, 135, 9367, 285, 4437, 459, 2755, 493, 2565, 513, 2465, 551, 2295, 783, 1615, 855, 1479, 969, 1305]
Omitted divisors: [45, 28101, 135, 9367, 171, 7395, 255, 4959, 493, 2565, 765, 1653, 783, 1615, 855, 1479, 969, 1305]
Omitted divisors: [87, 14535, 135, 9367, 153, 8265, 171, 7395, 255, 4959, 261, 4845, 493, 2565, 765, 1653, 783, 1615, 855, 1479, 969, 1305]
Omitted divisors: [85, 14877, 87, 14535, 171, 7395, 255, 4959, 285, 4437, 435, 2907, 493, 2565, 765, 1653, 783, 1615, 855, 1479, 969, 1305]
Omitted divisors: [87, 14535, 95, 13311, 145, 8721, 255, 4959, 261, 4845, 459, 2755, 493, 2565, 765, 1653, 783, 1615, 855, 1479, 969, 1305]
Omitted divisors: [85, 14877, 95, 13311, 135, 9367, 261, 4845, 323, 3915, 459, 2755, 493, 2565, 765, 1653, 783, 1615, 855, 1479, 969, 1305]
Omitted divisors: [45, 28101, 255, 4959, 261, 4845, 285, 4437, 323, 3915, 459, 2755, 551, 2295, 765, 1653, 783, 1615, 855, 1479, 969, 1305]
Omitted divisors: [95, 13311, 135, 9367, 153, 8265, 255, 4959, 285, 4437, 435, 2907, 493, 2565, 513, 2465, 551, 2295, 765, 1653, 783, 1615, 855, 1479, 969, 1305]


Number: 1270269
Number of solutions: 16
Omitted divisors: [63, 20163, 143, 8883, 297, 4277, 423, 3003, 611, 2079]
Omitted divisors: [99, 12831, 143, 8883, 273, 4653, 351, 3619, 423, 3003, 517, 2457, 611, 2079]
Omitted divisors: [99, 12831, 143, 8883, 273, 4653, 297, 4277, 423, 3003, 611, 2079, 819, 1551]
Omitted divisors: [91, 13959, 143, 8883, 297, 4277, 351, 3619, 423, 3003, 693, 1833, 819, 1551]
Omitted divisors: [99, 12831, 143, 8883, 231, 5499, 351, 3619, 429, 2961, 693, 1833, 819, 1551]
Omitted divisors: [91, 13959, 141, 9009, 231, 5499, 423, 3003, 611, 2079, 693, 1833, 819, 1551]
Omitted divisors: [63, 20163, 231, 5499, 423, 3003, 517, 2457, 611, 2079, 693, 1833, 819, 1551]
Omitted divisors: [99, 12831, 143, 8883, 273, 4653, 351, 3619, 423, 3003, 429, 2961, 987, 1287]
Omitted divisors: [143, 8883, 189, 6721, 231, 5499, 351, 3619, 423, 3003, 429, 2961, 611, 2079, 693, 1833, 987, 1287]
Omitted divisors: [99, 12831, 117, 10857, 231, 5499, 517, 2457, 611, 2079, 819, 1551, 987, 1287]
Omitted divisors: [63, 20163, 231, 5499, 423, 3003, 429, 2961, 693, 1833, 819, 1551, 987, 1287]
Omitted divisors: [63, 20163, 143, 8883, 231, 5499, 611, 2079, 1001, 1269]
Omitted divisors: [99, 12831, 143, 8883, 231, 5499, 329, 3861, 423, 3003, 819, 1551, 1001, 1269]
Omitted divisors: [99, 12831, 143, 8883, 231, 5499, 273, 4653, 611, 2079, 819, 1551, 1001, 1269]
Omitted divisors: [91, 13959, 143, 8883, 231, 5499, 351, 3619, 693, 1833, 819, 1551, 1001, 1269]
Omitted divisors: [91, 13959, 143, 8883, 273, 4653, 351, 3619, 423, 3003, 987, 1287, 1001, 1269]


Number: 1273725
Number of solutions: 2
Omitted divisors: [225, 5661, 333, 3825, 459, 2775, 629, 2025, 925, 1377]
Omitted divisors: [185, 6885, 333, 3825, 765, 1665, 925, 1377, 999, 1275]


Number: 1349205
Number of solutions: 148
Omitted divisors: [51, 26455, 85, 15873, 195, 6919, 221, 6105, 429, 3145]
Omitted divisors: [65, 20757, 143, 9435, 165, 8177, 195, 6919, 221, 6105, 407, 3315, 429, 3145]
Omitted divisors: [51, 26455, 85, 15873, 187, 7215, 221, 6105, 481, 2805]
Omitted divisors: [85, 15873, 111, 12155, 143, 9435, 165, 8177, 221, 6105, 407, 3315, 481, 2805]
Omitted divisors: [65, 20757, 143, 9435, 165, 8177, 187, 7215, 221, 6105, 407, 3315, 481, 2805]
Omitted divisors: [33, 40885, 221, 6105, 255, 5291, 407, 3315, 561, 2405]
Omitted divisors: [39, 34595, 111, 12155, 221, 6105, 481, 2805, 561, 2405]
Omitted divisors: [65, 20757, 111, 12155, 185, 7293, 195, 6919, 255, 5291, 481, 2805, 561, 2405]
Omitted divisors: [65, 20757, 85, 15873, 185, 7293, 255, 5291, 407, 3315, 555, 2431, 561, 2405]
Omitted divisors: [39, 34595, 165, 8177, 187, 7215, 221, 6105, 629, 2145]
Omitted divisors: [85, 15873, 111, 12155, 165, 8177, 185, 7293, 195, 6919, 255, 5291, 629, 2145]
Omitted divisors: [65, 20757, 165, 8177, 185, 7293, 187, 7215, 195, 6919, 255, 5291, 629, 2145]
Omitted divisors: [65, 20757, 111, 12155, 143, 9435, 185, 7293, 429, 3145, 555, 2431, 629, 2145]
Omitted divisors: [111, 12155, 143, 9435, 185, 7293, 187, 7215, 195, 6919, 221, 6105, 429, 3145, 561, 2405, 629, 2145]
Omitted divisors: [51, 26455, 143, 9435, 165, 8177, 221, 6105, 555, 2431, 561, 2405, 629, 2145]
Omitted divisors: [39, 34595, 165, 8177, 185, 7293, 221, 6105, 663, 2035]
Omitted divisors: [65, 20757, 85, 15873, 195, 6919, 221, 6105, 429, 3145, 555, 2431, 663, 2035]
Omitted divisors: [65, 20757, 85, 15873, 187, 7215, 221, 6105, 481, 2805, 555, 2431, 663, 2035]
Omitted divisors: [85, 15873, 111, 12155, 165, 8177, 187, 7215, 429, 3145, 481, 2805, 555, 2431, 561, 2405, 663, 2035]
Omitted divisors: [65, 20757, 111, 12155, 185, 7293, 195, 6919, 221, 6105, 629, 2145, 663, 2035]
Omitted divisors: [65, 20757, 143, 9435, 185, 7293, 255, 5291, 407, 3315, 429, 3145, 481, 2805, 629, 2145, 663, 2035]
Omitted divisors: [85, 15873, 143, 9435, 165, 8177, 195, 6919, 221, 6105, 407, 3315, 561, 2405, 629, 2145, 663, 2035]
Omitted divisors: [111, 12155, 143, 9435, 185, 7293, 221, 6105, 255, 5291, 429, 3145, 481, 2805, 555, 2431, 561, 2405, 629, 2145, 663, 2035]
Omitted divisors: [33, 40885, 85, 15873, 715, 1887]
Omitted divisors: [65, 20757, 111, 12155, 165, 8177, 221, 6105, 255, 5291, 429, 3145, 715, 1887]
Omitted divisors: [85, 15873, 165, 8177, 185, 7293, 187, 7215, 195, 6919, 407, 3315, 429, 3145, 481, 2805, 715, 1887]
Omitted divisors: [85, 15873, 143, 9435, 165, 8177, 185, 7293, 255, 5291, 407, 3315, 481, 2805, 561, 2405, 715, 1887]
Omitted divisors: [65, 20757, 143, 9435, 195, 6919, 221, 6105, 407, 3315, 429, 3145, 561, 2405, 629, 2145, 715, 1887]
Omitted divisors: [85, 15873, 111, 12155, 143, 9435, 221, 6105, 407, 3315, 481, 2805, 561, 2405, 629, 2145, 715, 1887]
Omitted divisors: [65, 20757, 143, 9435, 187, 7215, 221, 6105, 407, 3315, 481, 2805, 561, 2405, 629, 2145, 715, 1887]
Omitted divisors: [65, 20757, 165, 8177, 195, 6919, 221, 6105, 255, 5291, 555, 2431, 561, 2405, 629, 2145, 715, 1887]
Omitted divisors: [85, 15873, 143, 9435, 165, 8177, 195, 6919, 221, 6105, 429, 3145, 481, 2805, 663, 2035, 715, 1887]
Omitted divisors: [65, 20757, 143, 9435, 185, 7293, 221, 6105, 407, 3315, 481, 2805, 561, 2405, 663, 2035, 715, 1887]
Omitted divisors: [85, 15873, 143, 9435, 165, 8177, 185, 7293, 221, 6105, 407, 3315, 629, 2145, 663, 2035, 715, 1887]
Omitted divisors: [37, 36465, 165, 8177, 429, 3145, 555, 2431, 629, 2145, 663, 2035, 715, 1887]
Omitted divisors: [39, 34595, 185, 7293, 221, 6105, 561, 2405, 629, 2145, 663, 2035, 715, 1887]
Omitted divisors: [85, 15873, 111, 12155, 165, 8177, 221, 6105, 255, 5291, 561, 2405, 629, 2145, 663, 2035, 715, 1887]
Omitted divisors: [65, 20757, 165, 8177, 187, 7215, 221, 6105, 255, 5291, 561, 2405, 629, 2145, 663, 2035, 715, 1887]
Omitted divisors: [65, 20757, 111, 12155, 165, 8177, 407, 3315, 481, 2805, 561, 2405, 629, 2145, 663, 2035, 715, 1887]
Omitted divisors: [65, 20757, 85, 15873, 185, 7293, 255, 5291, 407, 3315, 429, 3145, 935, 1443]
Omitted divisors: [55, 24531, 165, 8177, 185, 7293, 187, 7215, 221, 6105, 561, 2405, 935, 1443]
Omitted divisors: [85, 15873, 111, 12155, 185, 7293, 221, 6105, 255, 5291, 429, 3145, 555, 2431, 561, 2405, 935, 1443]
Omitted divisors: [65, 20757, 185, 7293, 187, 7215, 221, 6105, 255, 5291, 429, 3145, 555, 2431, 561, 2405, 935, 1443]
Omitted divisors: [65, 20757, 143, 9435, 165, 8177, 255, 5291, 429, 3145, 481, 2805, 555, 2431, 561, 2405, 935, 1443]
Omitted divisors: [65, 20757, 111, 12155, 185, 7293, 407, 3315, 429, 3145, 481, 2805, 555, 2431, 561, 2405, 935, 1443]
Omitted divisors: [51, 26455, 143, 9435, 165, 8177, 221, 6105, 429, 3145, 629, 2145, 935, 1443]
Omitted divisors: [85, 15873, 143, 9435, 165, 8177, 195, 6919, 221, 6105, 407, 3315, 481, 2805, 629, 2145, 935, 1443]
Omitted divisors: [85, 15873, 111, 12155, 165, 8177, 185, 7293, 407, 3315, 429, 3145, 555, 2431, 629, 2145, 935, 1443]
Omitted divisors: [65, 20757, 165, 8177, 185, 7293, 187, 7215, 407, 3315, 429, 3145, 555, 2431, 629, 2145, 935, 1443]
Omitted divisors: [39, 34595, 195, 6919, 221, 6105, 481, 2805, 561, 2405, 629, 2145, 935, 1443]
Omitted divisors: [37, 36465, 221, 6105, 255, 5291, 555, 2431, 561, 2405, 629, 2145, 935, 1443]
Omitted divisors: [55, 24531, 165, 8177, 221, 6105, 255, 5291, 429, 3145, 555, 2431, 561, 2405, 629, 2145, 935, 1443]
Omitted divisors: [65, 20757, 165, 8177, 195, 6919, 221, 6105, 255, 5291, 481, 2805, 561, 2405, 663, 2035, 935, 1443]
Omitted divisors: [65, 20757, 143, 9435, 165, 8177, 221, 6105, 429, 3145, 555, 2431, 629, 2145, 663, 2035, 935, 1443]
Omitted divisors: [85, 15873, 165, 8177, 187, 7215, 195, 6919, 429, 3145, 481, 2805, 555, 2431, 561, 2405, 629, 2145, 663, 2035, 935, 1443]
Omitted divisors: [165, 8177, 185, 7293, 187, 7215, 221, 6105, 255, 5291, 407, 3315, 429, 3145, 481, 2805, 555, 2431, 561, 2405, 629, 2145, 663, 2035, 935, 1443]
Omitted divisors: [143, 9435, 165, 8177, 185, 7293, 187, 7215, 221, 6105, 255, 5291, 429, 3145, 481, 2805, 561, 2405, 715, 1887, 935, 1443]
Omitted divisors: [65, 20757, 165, 8177, 195, 6919, 221, 6105, 255, 5291, 429, 3145, 629, 2145, 715, 1887, 935, 1443]
Omitted divisors: [39, 34595, 185, 7293, 221, 6105, 481, 2805, 629, 2145, 715, 1887, 935, 1443]
Omitted divisors: [85, 15873, 111, 12155, 165, 8177, 221, 6105, 255, 5291, 481, 2805, 629, 2145, 715, 1887, 935, 1443]
Omitted divisors: [65, 20757, 165, 8177, 187, 7215, 221, 6105, 255, 5291, 481, 2805, 629, 2145, 715, 1887, 935, 1443]
Omitted divisors: [85, 15873, 143, 9435, 165, 8177, 185, 7293, 187, 7215, 561, 2405, 629, 2145, 715, 1887, 935, 1443]
Omitted divisors: [65, 20757, 165, 8177, 185, 7293, 221, 6105, 255, 5291, 481, 2805, 663, 2035, 715, 1887, 935, 1443]
Omitted divisors: [85, 15873, 165, 8177, 185, 7293, 187, 7215, 429, 3145, 481, 2805, 555, 2431, 629, 2145, 663, 2035, 715, 1887, 935, 1443]
Omitted divisors: [85, 15873, 111, 12155, 143, 9435, 185, 7293, 221, 6105, 255, 5291, 1105, 1221]
Omitted divisors: [65, 20757, 143, 9435, 185, 7293, 187, 7215, 221, 6105, 255, 5291, 1105, 1221]
Omitted divisors: [33, 40885, 195, 6919, 255, 5291, 429, 3145, 1105, 1221]
Omitted divisors: [33, 40885, 187, 7215, 255, 5291, 481, 2805, 1105, 1221]
Omitted divisors: [65, 20757, 111, 12155, 143, 9435, 185, 7293, 407, 3315, 481, 2805, 1105, 1221]
Omitted divisors: [55, 24531, 111, 12155, 195, 6919, 221, 6105, 429, 3145, 481, 2805, 1105, 1221]
Omitted divisors: [39, 34595, 85, 15873, 429, 3145, 555, 2431, 1105, 1221]
Omitted divisors: [55, 24531, 85, 15873, 221, 6105, 407, 3315, 429, 3145, 555, 2431, 1105, 1221]
Omitted divisors: [111, 12155, 143, 9435, 165, 8177, 185, 7293, 187, 7215, 255, 5291, 429, 3145, 561, 2405, 1105, 1221]
Omitted divisors: [37, 36465, 187, 7215, 407, 3315, 429, 3145, 555, 2431, 561, 2405, 1105, 1221]
Omitted divisors: [39, 34595, 111, 12155, 185, 7293, 629, 2145, 1105, 1221]
Omitted divisors: [65, 20757, 111, 12155, 165, 8177, 187, 7215, 255, 5291, 629, 2145, 1105, 1221]
Omitted divisors: [55, 24531, 143, 9435, 165, 8177, 221, 6105, 255, 5291, 629, 2145, 1105, 1221]
Omitted divisors: [55, 24531, 111, 12155, 185, 7293, 221, 6105, 407, 3315, 629, 2145, 1105, 1221]
Omitted divisors: [51, 26455, 55, 24531, 481, 2805, 629, 2145, 1105, 1221]
Omitted divisors: [111, 12155, 143, 9435, 165, 8177, 185, 7293, 187, 7215, 221, 6105, 555, 2431, 629, 2145, 1105, 1221]
Omitted divisors: [143, 9435, 165, 8177, 185, 7293, 195, 6919, 221, 6105, 255, 5291, 407, 3315, 481, 2805, 555, 2431, 629, 2145, 1105, 1221]
Omitted divisors: [111, 12155, 143, 9435, 195, 6919, 221, 6105, 255, 5291, 407, 3315, 429, 3145, 481, 2805, 561, 2405, 629, 2145, 1105, 1221]
Omitted divisors: [55, 24531, 143, 9435, 187, 7215, 429, 3145, 481, 2805, 555, 2431, 561, 2405, 629, 2145, 1105, 1221]
Omitted divisors: [65, 20757, 111, 12155, 165, 8177, 185, 7293, 255, 5291, 663, 2035, 1105, 1221]
Omitted divisors: [55, 24531, 143, 9435, 185, 7293, 429, 3145, 481, 2805, 555, 2431, 561, 2405, 663, 2035, 1105, 1221]
Omitted divisors: [143, 9435, 165, 8177, 185, 7293, 195, 6919, 221, 6105, 255, 5291, 407, 3315, 429, 3145, 629, 2145, 663, 2035, 1105, 1221]
Omitted divisors: [85, 15873, 143, 9435, 165, 8177, 187, 7215, 195, 6919, 481, 2805, 629, 2145, 663, 2035, 1105, 1221]
Omitted divisors: [143, 9435, 165, 8177, 185, 7293, 187, 7215, 221, 6105, 255, 5291, 407, 3315, 481, 2805, 629, 2145, 663, 2035, 1105, 1221]
Omitted divisors: [51, 26455, 185, 7293, 195, 6919, 407, 3315, 429, 3145, 481, 2805, 629, 2145, 663, 2035, 1105, 1221]
Omitted divisors: [55, 24531, 65, 20757, 481, 2805, 555, 2431, 629, 2145, 663, 2035, 1105, 1221]
Omitted divisors: [65, 20757, 143, 9435, 185, 7293, 195, 6919, 407, 3315, 561, 2405, 629, 2145, 663, 2035, 1105, 1221]
Omitted divisors: [55, 24531, 187, 7215, 195, 6919, 221, 6105, 481, 2805, 561, 2405, 629, 2145, 663, 2035, 1105, 1221]
Omitted divisors: [85, 15873, 111, 12155, 165, 8177, 187, 7215, 407, 3315, 429, 3145, 481, 2805, 715, 1887, 1105, 1221]
Omitted divisors: [51, 26455, 85, 15873, 255, 5291, 429, 3145, 561, 2405, 715, 1887, 1105, 1221]
Omitted divisors: [65, 20757, 143, 9435, 165, 8177, 255, 5291, 407, 3315, 429, 3145, 561, 2405, 715, 1887, 1105, 1221]
Omitted divisors: [55, 24531, 185, 7293, 195, 6919, 255, 5291, 429, 3145, 481, 2805, 561, 2405, 715, 1887, 1105, 1221]
Omitted divisors: [85, 15873, 111, 12155, 143, 9435, 195, 6919, 429, 3145, 481, 2805, 629, 2145, 715, 1887, 1105, 1221]
Omitted divisors: [65, 20757, 143, 9435, 187, 7215, 195, 6919, 429, 3145, 481, 2805, 629, 2145, 715, 1887, 1105, 1221]
Omitted divisors: [111, 12155, 143, 9435, 185, 7293, 221, 6105, 255, 5291, 407, 3315, 429, 3145, 481, 2805, 629, 2145, 715, 1887, 1105, 1221]
Omitted divisors: [51, 26455, 85, 15873, 221, 6105, 555, 2431, 629, 2145, 715, 1887, 1105, 1221]
Omitted divisors: [65, 20757, 143, 9435, 165, 8177, 221, 6105, 407, 3315, 555, 2431, 629, 2145, 715, 1887, 1105, 1221]
Omitted divisors: [55, 24531, 185, 7293, 195, 6919, 221, 6105, 481, 2805, 555, 2431, 629, 2145, 715, 1887, 1105, 1221]
Omitted divisors: [51, 26455, 165, 8177, 187, 7215, 429, 3145, 555, 2431, 561, 2405, 629, 2145, 715, 1887, 1105, 1221]
Omitted divisors: [85, 15873, 165, 8177, 187, 7215, 195, 6919, 407, 3315, 481, 2805, 555, 2431, 561, 2405, 629, 2145, 715, 1887, 1105, 1221]
Omitted divisors: [37, 36465, 165, 8177, 407, 3315, 481, 2805, 663, 2035, 715, 1887, 1105, 1221]
Omitted divisors: [65, 20757, 143, 9435, 185, 7293, 195, 6919, 429, 3145, 481, 2805, 663, 2035, 715, 1887, 1105, 1221]
Omitted divisors: [55, 24531, 85, 15873, 165, 8177, 561, 2405, 663, 2035, 715, 1887, 1105, 1221]
Omitted divisors: [51, 26455, 165, 8177, 185, 7293, 429, 3145, 555, 2431, 561, 2405, 663, 2035, 715, 1887, 1105, 1221]
Omitted divisors: [65, 20757, 85, 15873, 255, 5291, 429, 3145, 555, 2431, 561, 2405, 663, 2035, 715, 1887, 1105, 1221]
Omitted divisors: [85, 15873, 165, 8177, 185, 7293, 195, 6919, 407, 3315, 481, 2805, 555, 2431, 561, 2405, 663, 2035, 715, 1887, 1105, 1221]
Omitted divisors: [55, 24531, 185, 7293, 195, 6919, 221, 6105, 429, 3145, 629, 2145, 663, 2035, 715, 1887, 1105, 1221]
Omitted divisors: [55, 24531, 185, 7293, 187, 7215, 221, 6105, 481, 2805, 629, 2145, 663, 2035, 715, 1887, 1105, 1221]
Omitted divisors: [65, 20757, 111, 12155, 185, 7293, 255, 5291, 561, 2405, 629, 2145, 663, 2035, 715, 1887, 1105, 1221]
Omitted divisors: [85, 15873, 165, 8177, 187, 7215, 195, 6919, 407, 3315, 429, 3145, 561, 2405, 629, 2145, 663, 2035, 715, 1887, 1105, 1221]
Omitted divisors: [85, 15873, 165, 8177, 185, 7293, 187, 7215, 221, 6105, 255, 5291, 407, 3315, 935, 1443, 1105, 1221]
Omitted divisors: [39, 34595, 165, 8177, 255, 5291, 481, 2805, 561, 2405, 935, 1443, 1105, 1221]
Omitted divisors: [55, 24531, 165, 8177, 221, 6105, 255, 5291, 407, 3315, 481, 2805, 561, 2405, 935, 1443, 1105, 1221]
Omitted divisors: [111, 12155, 165, 8177, 185, 7293, 195, 6919, 221, 6105, 407, 3315, 429, 3145, 555, 2431, 561, 2405, 935, 1443, 1105, 1221]
Omitted divisors: [111, 12155, 165, 8177, 185, 7293, 187, 7215, 221, 6105, 407, 3315, 481, 2805, 555, 2431, 561, 2405, 935, 1443, 1105, 1221]
Omitted divisors: [51, 26455, 165, 8177, 195, 6919, 429, 3145, 481, 2805, 555, 2431, 561, 2405, 935, 1443, 1105, 1221]
Omitted divisors: [85, 15873, 143, 9435, 185, 7293, 195, 6919, 221, 6105, 255, 5291, 629, 2145, 935, 1443, 1105, 1221]
Omitted divisors: [65, 20757, 143, 9435, 185, 7293, 195, 6919, 407, 3315, 481, 2805, 629, 2145, 935, 1443, 1105, 1221]
Omitted divisors: [143, 9435, 165, 8177, 185, 7293, 187, 7215, 195, 6919, 255, 5291, 429, 3145, 561, 2405, 629, 2145, 935, 1443, 1105, 1221]
Omitted divisors: [65, 20757, 111, 12155, 195, 6919, 255, 5291, 481, 2805, 561, 2405, 629, 2145, 935, 1443, 1105, 1221]
Omitted divisors: [51, 26455, 165, 8177, 185, 7293, 407, 3315, 555, 2431, 561, 2405, 629, 2145, 935, 1443, 1105, 1221]
Omitted divisors: [65, 20757, 85, 15873, 255, 5291, 407, 3315, 555, 2431, 561, 2405, 629, 2145, 935, 1443, 1105, 1221]
Omitted divisors: [111, 12155, 143, 9435, 185, 7293, 195, 6919, 221, 6105, 481, 2805, 555, 2431, 561, 2405, 629, 2145, 935, 1443, 1105, 1221]
Omitted divisors: [51, 26455, 85, 15873, 221, 6105, 481, 2805, 663, 2035, 935, 1443, 1105, 1221]
Omitted divisors: [65, 20757, 143, 9435, 165, 8177, 221, 6105, 407, 3315, 481, 2805, 663, 2035, 935, 1443, 1105, 1221]
Omitted divisors: [111, 12155, 165, 8177, 185, 7293, 187, 7215, 221, 6105, 407, 3315, 429, 3145, 561, 2405, 663, 2035, 935, 1443, 1105, 1221]
Omitted divisors: [51, 26455, 165, 8177, 187, 7215, 429, 3145, 481, 2805, 561, 2405, 663, 2035, 935, 1443, 1105, 1221]
Omitted divisors: [85, 15873, 143, 9435, 187, 7215, 221, 6105, 429, 3145, 481, 2805, 555, 2431, 561, 2405, 663, 2035, 935, 1443, 1105, 1221]
Omitted divisors: [39, 34595, 165, 8177, 221, 6105, 629, 2145, 663, 2035, 935, 1443, 1105, 1221]
Omitted divisors: [65, 20757, 165, 8177, 185, 7293, 195, 6919, 255, 5291, 629, 2145, 663, 2035, 935, 1443, 1105, 1221]
Omitted divisors: [111, 12155, 143, 9435, 185, 7293, 195, 6919, 221, 6105, 429, 3145, 561, 2405, 629, 2145, 663, 2035, 935, 1443, 1105, 1221]
Omitted divisors: [111, 12155, 143, 9435, 185, 7293, 187, 7215, 221, 6105, 481, 2805, 561, 2405, 629, 2145, 663, 2035, 935, 1443, 1105, 1221]
Omitted divisors: [55, 24531, 85, 15873, 165, 8177, 481, 2805, 715, 1887, 935, 1443, 1105, 1221]
Omitted divisors: [51, 26455, 165, 8177, 185, 7293, 429, 3145, 481, 2805, 555, 2431, 715, 1887, 935, 1443, 1105, 1221]
Omitted divisors: [65, 20757, 85, 15873, 255, 5291, 429, 3145, 481, 2805, 555, 2431, 715, 1887, 935, 1443, 1105, 1221]
Omitted divisors: [85, 15873, 187, 7215, 195, 6919, 221, 6105, 255, 5291, 429, 3145, 481, 2805, 561, 2405, 715, 1887, 935, 1443, 1105, 1221]
Omitted divisors: [65, 20757, 143, 9435, 165, 8177, 185, 7293, 555, 2431, 561, 2405, 715, 1887, 935, 1443, 1105, 1221]
Omitted divisors: [65, 20757, 111, 12155, 185, 7293, 255, 5291, 481, 2805, 629, 2145, 715, 1887, 935, 1443, 1105, 1221]
Omitted divisors: [85, 15873, 165, 8177, 187, 7215, 195, 6919, 407, 3315, 429, 3145, 481, 2805, 629, 2145, 715, 1887, 935, 1443, 1105, 1221]
Omitted divisors: [85, 15873, 185, 7293, 187, 7215, 221, 6105, 255, 5291, 407, 3315, 561, 2405, 629, 2145, 715, 1887, 935, 1443, 1105, 1221]
Omitted divisors: [85, 15873, 143, 9435, 165, 8177, 255, 5291, 407, 3315, 481, 2805, 561, 2405, 629, 2145, 715, 1887, 935, 1443, 1105, 1221]
Omitted divisors: [85, 15873, 165, 8177, 185, 7293, 195, 6919, 407, 3315, 429, 3145, 481, 2805, 663, 2035, 715, 1887, 935, 1443, 1105, 1221]
Omitted divisors: [165, 8177, 185, 7293, 187, 7215, 195, 6919, 221, 6105, 429, 3145, 481, 2805, 555, 2431, 561, 2405, 663, 2035, 715, 1887, 935, 1443, 1105, 1221]
Omitted divisors: [65, 20757, 143, 9435, 221, 6105, 407, 3315, 481, 2805, 561, 2405, 629, 2145, 663, 2035, 715, 1887, 935, 1443, 1105, 1221]


Number: 1495065
Number of solutions: 4
Omitted divisors: [55, 27183, 195, 7667, 205, 7293, 255, 5863, 451, 3315, 615, 2431, 935, 1599]
Omitted divisors: [85, 17589, 143, 10455, 187, 7995, 255, 5863, 451, 3315, 561, 2665, 615, 2431, 663, 2255, 935, 1599]
Omitted divisors: [85, 17589, 143, 10455, 187, 7995, 255, 5863, 451, 3315, 533, 2805, 615, 2431, 715, 2091, 935, 1599]
Omitted divisors: [65, 23001, 165, 9061, 187, 7995, 533, 2805, 561, 2665, 663, 2255, 697, 2145, 715, 2091, 1105, 1353]


Number: 1529385
Number of solutions: 17
Omitted divisors: [65, 23529, 165, 9269, 345, 4433]
Omitted divisors: [93, 16445, 165, 9269, 345, 4433, 403, 3795, 713, 2145]
Omitted divisors: [165, 9269, 253, 6045, 299, 5115, 341, 4485, 345, 4433, 403, 3795, 713, 2145]
Omitted divisors: [65, 23529, 341, 4485, 465, 3289, 713, 2145, 759, 2015]
Omitted divisors: [69, 22165, 345, 4433, 403, 3795, 429, 3565, 897, 1705]
Omitted divisors: [165, 9269, 195, 7843, 253, 6045, 341, 4485, 465, 3289, 715, 2139, 897, 1705]
Omitted divisors: [93, 16445, 155, 9867, 345, 4433, 429, 3565, 1209, 1265]
Omitted divisors: [155, 9867, 253, 6045, 299, 5115, 341, 4485, 345, 4433, 429, 3565, 1209, 1265]
Omitted divisors: [69, 22165, 299, 5115, 341, 4485, 713, 2145, 1209, 1265]
Omitted divisors: [143, 10695, 195, 7843, 341, 4485, 345, 4433, 429, 3565, 713, 2145, 1209, 1265]
Omitted divisors: [155, 9867, 165, 9269, 341, 4485, 403, 3795, 429, 3565, 713, 2145, 1209, 1265]
Omitted divisors: [93, 16445, 299, 5115, 429, 3565, 465, 3289, 713, 2145, 759, 2015, 1209, 1265]
Omitted divisors: [69, 22165, 253, 6045, 403, 3795, 897, 1705, 1209, 1265]
Omitted divisors: [115, 13299, 253, 6045, 341, 4485, 403, 3795, 429, 3565, 897, 1705, 1209, 1265]
Omitted divisors: [143, 10695, 165, 9269, 341, 4485, 345, 4433, 715, 2139, 897, 1705, 1209, 1265]
Omitted divisors: [155, 9867, 165, 9269, 341, 4485, 345, 4433, 465, 3289, 1023, 1495, 1209, 1265]
Omitted divisors: [195, 7843, 253, 6045, 341, 4485, 403, 3795, 429, 3565, 713, 2145, 897, 1705, 1023, 1495, 1209, 1265]


Number: 1530765
Number of solutions: 4
Omitted divisors: [69, 22185, 255, 6003, 261, 5865, 345, 4437, 493, 3105, 621, 2465, 765, 2001]
Omitted divisors: [145, 10557, 153, 10005, 261, 5865, 345, 4437, 391, 3915, 435, 3519, 493, 3105, 765, 2001, 1173, 1305]
Omitted divisors: [69, 22185, 153, 10005, 345, 4437, 493, 3105, 621, 2465, 1035, 1479, 1173, 1305]
Omitted divisors: [145, 10557, 153, 10005, 255, 6003, 261, 5865, 345, 4437, 621, 2465, 765, 2001, 1035, 1479, 1173, 1305]


Number: 1577745
Number of solutions: 157
Omitted divisors: [45, 35061, 135, 11687, 155, 10179, 195, 8091, 377, 4185]
Omitted divisors: [87, 18135, 93, 16965, 145, 10881, 155, 10179, 351, 4495, 377, 4185, 435, 3627]
Omitted divisors: [87, 18135, 93, 16965, 117, 13485, 195, 8091, 377, 4185, 403, 3915, 435, 3627]
Omitted divisors: [65, 24273, 135, 11687, 145, 10881, 195, 8091, 279, 5655, 351, 4495, 465, 3393]
Omitted divisors: [87, 18135, 135, 11687, 145, 10881, 261, 6045, 279, 5655, 377, 4185, 403, 3915, 435, 3627, 465, 3393]
Omitted divisors: [87, 18135, 117, 13485, 155, 10179, 261, 6045, 351, 4495, 377, 4185, 403, 3915, 435, 3627, 465, 3393]
Omitted divisors: [87, 18135, 117, 13485, 135, 11687, 155, 10179, 195, 8091, 377, 4185, 585, 2697]
Omitted divisors: [65, 24273, 93, 16965, 155, 10179, 279, 5655, 351, 4495, 403, 3915, 585, 2697]
Omitted divisors: [93, 16965, 135, 11687, 155, 10179, 195, 8091, 261, 6045, 351, 4495, 403, 3915, 465, 3393, 585, 2697]
Omitted divisors: [87, 18135, 93, 16965, 195, 8091, 279, 5655, 351, 4495, 377, 4185, 435, 3627, 465, 3393, 585, 2697]
Omitted divisors: [65, 24273, 87, 18135, 145, 10881, 351, 4495, 377, 4185, 403, 3915, 783, 2015]
Omitted divisors: [65, 24273, 135, 11687, 145, 10881, 155, 10179, 279, 5655, 465, 3393, 783, 2015]
Omitted divisors: [87, 18135, 93, 16965, 155, 10179, 279, 5655, 377, 4185, 435, 3627, 465, 3393, 585, 2697, 783, 2015]
Omitted divisors: [117, 13485, 135, 11687, 145, 10881, 279, 5655, 351, 4495, 377, 4185, 403, 3915, 435, 3627, 465, 3393, 585, 2697, 783, 2015]
Omitted divisors: [31, 50895, 195, 8091, 403, 3915, 465, 3393, 837, 1885]
Omitted divisors: [65, 24273, 135, 11687, 195, 8091, 279, 5655, 351, 4495, 377, 4185, 403, 3915, 585, 2697, 837, 1885]
Omitted divisors: [65, 24273, 155, 10179, 195, 8091, 261, 6045, 279, 5655, 351, 4495, 435, 3627, 585, 2697, 837, 1885]
Omitted divisors: [87, 18135, 117, 13485, 135, 11687, 261, 6045, 279, 5655, 351, 4495, 465, 3393, 783, 2015, 837, 1885]
Omitted divisors: [65, 24273, 135, 11687, 155, 10179, 279, 5655, 377, 4185, 403, 3915, 585, 2697, 783, 2015, 837, 1885]
Omitted divisors: [65, 24273, 117, 13485, 135, 11687, 195, 8091, 351, 4495, 377, 4185, 899, 1755]
Omitted divisors: [29, 54405, 351, 4495, 403, 3915, 465, 3393, 899, 1755]
Omitted divisors: [87, 18135, 93, 16965, 195, 8091, 261, 6045, 351, 4495, 377, 4185, 403, 3915, 465, 3393, 899, 1755]
Omitted divisors: [65, 24273, 87, 18135, 135, 11687, 279, 5655, 465, 3393, 585, 2697, 899, 1755]
Omitted divisors: [65, 24273, 117, 13485, 135, 11687, 155, 10179, 377, 4185, 783, 2015, 899, 1755]
Omitted divisors: [93, 16965, 117, 13485, 145, 10881, 195, 8091, 261, 6045, 403, 3915, 435, 3627, 783, 2015, 899, 1755]
Omitted divisors: [87, 18135, 93, 16965, 155, 10179, 261, 6045, 377, 4185, 403, 3915, 465, 3393, 783, 2015, 899, 1755]
Omitted divisors: [65, 24273, 93, 16965, 279, 5655, 351, 4495, 377, 4185, 435, 3627, 465, 3393, 783, 2015, 899, 1755]
Omitted divisors: [117, 13485, 135, 11687, 145, 10881, 155, 10179, 195, 8091, 261, 6045, 585, 2697, 783, 2015, 899, 1755]
Omitted divisors: [93, 16965, 145, 10881, 195, 8091, 261, 6045, 279, 5655, 351, 4495, 435, 3627, 465, 3393, 585, 2697, 783, 2015, 899, 1755]
Omitted divisors: [39, 40455, 155, 10179, 261, 6045, 403, 3915, 585, 2697, 837, 1885, 899, 1755]
Omitted divisors: [93, 16965, 145, 10881, 155, 10179, 279, 5655, 351, 4495, 377, 4185, 403, 3915, 465, 3393, 783, 2015, 837, 1885, 899, 1755]
Omitted divisors: [45, 35061, 195, 8091, 261, 6045, 403, 3915, 435, 3627, 465, 3393, 783, 2015, 837, 1885, 899, 1755]
Omitted divisors: [87, 18135, 145, 10881, 195, 8091, 261, 6045, 279, 5655, 377, 4185, 403, 3915, 585, 2697, 783, 2015, 837, 1885, 899, 1755]
Omitted divisors: [87, 18135, 93, 16965, 145, 10881, 195, 8091, 435, 3627, 585, 2697, 783, 2015, 837, 1885, 899, 1755]
Omitted divisors: [87, 18135, 135, 11687, 145, 10881, 351, 4495, 377, 4185, 403, 3915, 465, 3393, 585, 2697, 783, 2015, 837, 1885, 899, 1755]
Omitted divisors: [87, 18135, 145, 10881, 155, 10179, 261, 6045, 351, 4495, 435, 3627, 465, 3393, 585, 2697, 783, 2015, 837, 1885, 899, 1755]
Omitted divisors: [87, 18135, 117, 13485, 195, 8091, 261, 6045, 403, 3915, 435, 3627, 465, 3393, 585, 2697, 783, 2015, 837, 1885, 899, 1755]
Omitted divisors: [45, 35061, 117, 13485, 279, 5655, 377, 4185, 403, 3915, 435, 3627, 1131, 1395]
Omitted divisors: [93, 16965, 135, 11687, 155, 10179, 195, 8091, 261, 6045, 279, 5655, 377, 4185, 585, 2697, 1131, 1395]
Omitted divisors: [93, 16965, 117, 13485, 145, 10881, 195, 8091, 279, 5655, 377, 4185, 403, 3915, 783, 2015, 1131, 1395]
Omitted divisors: [45, 35061, 145, 10881, 195, 8091, 261, 6045, 435, 3627, 783, 2015, 1131, 1395]
Omitted divisors: [65, 24273, 87, 18135, 117, 13485, 377, 4185, 435, 3627, 783, 2015, 1131, 1395]
Omitted divisors: [39, 40455, 145, 10881, 351, 4495, 377, 4185, 465, 3393, 783, 2015, 1131, 1395]
Omitted divisors: [117, 13485, 145, 10881, 155, 10179, 261, 6045, 279, 5655, 351, 4495, 377, 4185, 403, 3915, 465, 3393, 783, 2015, 1131, 1395]
Omitted divisors: [93, 16965, 117, 13485, 145, 10881, 155, 10179, 351, 4495, 435, 3627, 465, 3393, 783, 2015, 1131, 1395]
Omitted divisors: [65, 24273, 93, 16965, 261, 6045, 351, 4495, 403, 3915, 435, 3627, 465, 3393, 783, 2015, 1131, 1395]
Omitted divisors: [65, 24273, 93, 16965, 135, 11687, 195, 8091, 585, 2697, 783, 2015, 1131, 1395]
Omitted divisors: [87, 18135, 117, 13485, 145, 10881, 195, 8091, 261, 6045, 435, 3627, 585, 2697, 783, 2015, 1131, 1395]
Omitted divisors: [65, 24273, 135, 11687, 155, 10179, 261, 6045, 351, 4495, 465, 3393, 585, 2697, 783, 2015, 1131, 1395]
Omitted divisors: [45, 35061, 87, 18135, 403, 3915, 465, 3393, 585, 2697, 783, 2015, 1131, 1395]
Omitted divisors: [65, 24273, 93, 16965, 155, 10179, 195, 8091, 351, 4495, 837, 1885, 1131, 1395]
Omitted divisors: [87, 18135, 117, 13485, 145, 10881, 195, 8091, 351, 4495, 377, 4185, 403, 3915, 837, 1885, 1131, 1395]
Omitted divisors: [87, 18135, 93, 16965, 155, 10179, 261, 6045, 377, 4185, 403, 3915, 435, 3627, 837, 1885, 1131, 1395]
Omitted divisors: [117, 13485, 135, 11687, 145, 10881, 155, 10179, 195, 8091, 279, 5655, 465, 3393, 837, 1885, 1131, 1395]
Omitted divisors: [65, 24273, 135, 11687, 195, 8091, 261, 6045, 279, 5655, 403, 3915, 465, 3393, 837, 1885, 1131, 1395]
Omitted divisors: [45, 35061, 135, 11687, 155, 10179, 403, 3915, 585, 2697, 837, 1885, 1131, 1395]
Omitted divisors: [87, 18135, 117, 13485, 145, 10881, 155, 10179, 377, 4185, 403, 3915, 783, 2015, 837, 1885, 1131, 1395]
Omitted divisors: [45, 35061, 195, 8091, 279, 5655, 377, 4185, 403, 3915, 465, 3393, 783, 2015, 837, 1885, 1131, 1395]
Omitted divisors: [117, 13485, 135, 11687, 145, 10881, 195, 8091, 351, 4495, 377, 4185, 435, 3627, 465, 3393, 783, 2015, 837, 1885, 1131, 1395]
Omitted divisors: [93, 16965, 135, 11687, 145, 10881, 279, 5655, 377, 4185, 403, 3915, 435, 3627, 585, 2697, 783, 2015, 837, 1885, 1131, 1395]
Omitted divisors: [93, 16965, 117, 13485, 155, 10179, 351, 4495, 377, 4185, 403, 3915, 435, 3627, 585, 2697, 783, 2015, 837, 1885, 1131, 1395]
Omitted divisors: [87, 18135, 145, 10881, 155, 10179, 279, 5655, 351, 4495, 377, 4185, 465, 3393, 585, 2697, 783, 2015, 837, 1885, 1131, 1395]
Omitted divisors: [87, 18135, 117, 13485, 195, 8091, 279, 5655, 377, 4185, 403, 3915, 465, 3393, 585, 2697, 783, 2015, 837, 1885, 1131, 1395]
Omitted divisors: [29, 54405, 279, 5655, 377, 4185, 899, 1755, 1131, 1395]
Omitted divisors: [45, 35061, 261, 6045, 279, 5655, 351, 4495, 377, 4185, 403, 3915, 465, 3393, 899, 1755, 1131, 1395]
Omitted divisors: [45, 35061, 93, 16965, 351, 4495, 435, 3627, 465, 3393, 899, 1755, 1131, 1395]
Omitted divisors: [87, 18135, 93, 16965, 145, 10881, 279, 5655, 351, 4495, 377, 4185, 585, 2697, 899, 1755, 1131, 1395]
Omitted divisors: [87, 18135, 117, 13485, 261, 6045, 279, 5655, 351, 4495, 377, 4185, 403, 3915, 465, 3393, 585, 2697, 899, 1755, 1131, 1395]
Omitted divisors: [87, 18135, 93, 16965, 117, 13485, 351, 4495, 435, 3627, 465, 3393, 585, 2697, 899, 1755, 1131, 1395]
Omitted divisors: [93, 16965, 117, 13485, 135, 11687, 145, 10881, 377, 4185, 435, 3627, 783, 2015, 899, 1755, 1131, 1395]
Omitted divisors: [65, 24273, 87, 18135, 261, 6045, 351, 4495, 377, 4185, 465, 3393, 783, 2015, 899, 1755, 1131, 1395]
Omitted divisors: [65, 24273, 135, 11687, 155, 10179, 261, 6045, 351, 4495, 377, 4185, 837, 1885, 899, 1755, 1131, 1395]
Omitted divisors: [45, 35061, 87, 18135, 377, 4185, 403, 3915, 837, 1885, 899, 1755, 1131, 1395]
Omitted divisors: [93, 16965, 117, 13485, 195, 8091, 279, 5655, 351, 4495, 377, 4185, 435, 3627, 465, 3393, 837, 1885, 899, 1755, 1131, 1395]
Omitted divisors: [65, 24273, 117, 13485, 135, 11687, 351, 4495, 403, 3915, 585, 2697, 837, 1885, 899, 1755, 1131, 1395]
Omitted divisors: [45, 35061, 135, 11687, 377, 4185, 435, 3627, 465, 3393, 783, 2015, 837, 1885, 899, 1755, 1131, 1395]
Omitted divisors: [93, 16965, 117, 13485, 155, 10179, 279, 5655, 377, 4185, 435, 3627, 465, 3393, 783, 2015, 837, 1885, 899, 1755, 1131, 1395]
Omitted divisors: [45, 35061, 145, 10881, 279, 5655, 435, 3627, 585, 2697, 783, 2015, 837, 1885, 899, 1755, 1131, 1395]
Omitted divisors: [87, 18135, 117, 13485, 135, 11687, 377, 4185, 435, 3627, 465, 3393, 585, 2697, 783, 2015, 837, 1885, 899, 1755, 1131, 1395]
Omitted divisors: [39, 40455, 87, 18135, 377, 4185, 403, 3915, 1209, 1305]
Omitted divisors: [93, 16965, 135, 11687, 145, 10881, 195, 8091, 279, 5655, 351, 4495, 377, 4185, 435, 3627, 1209, 1305]
Omitted divisors: [87, 18135, 93, 16965, 117, 13485, 155, 10179, 403, 3915, 435, 3627, 1209, 1305]
Omitted divisors: [117, 13485, 135, 11687, 195, 8091, 261, 6045, 279, 5655, 351, 4495, 377, 4185, 403, 3915, 435, 3627, 465, 3393, 1209, 1305]
Omitted divisors: [87, 18135, 93, 16965, 155, 10179, 279, 5655, 351, 4495, 435, 3627, 465, 3393, 585, 2697, 1209, 1305]
Omitted divisors: [65, 24273, 145, 10881, 195, 8091, 261, 6045, 279, 5655, 351, 4495, 435, 3627, 783, 2015, 1209, 1305]
Omitted divisors: [93, 16965, 135, 11687, 145, 10881, 155, 10179, 279, 5655, 377, 4185, 435, 3627, 783, 2015, 1209, 1305]
Omitted divisors: [87, 18135, 117, 13485, 155, 10179, 195, 8091, 279, 5655, 377, 4185, 465, 3393, 783, 2015, 1209, 1305]
Omitted divisors: [39, 40455, 135, 11687, 377, 4185, 435, 3627, 465, 3393, 783, 2015, 1209, 1305]
Omitted divisors: [117, 13485, 135, 11687, 155, 10179, 261, 6045, 279, 5655, 377, 4185, 403, 3915, 435, 3627, 465, 3393, 783, 2015, 1209, 1305]
Omitted divisors: [39, 40455, 145, 10881, 279, 5655, 435, 3627, 585, 2697, 783, 2015, 1209, 1305]
Omitted divisors: [65, 24273, 87, 18135, 279, 5655, 351, 4495, 403, 3915, 465, 3393, 585, 2697, 783, 2015, 1209, 1305]
Omitted divisors: [87, 18135, 135, 11687, 145, 10881, 155, 10179, 351, 4495, 377, 4185, 435, 3627, 837, 1885, 1209, 1305]
Omitted divisors: [87, 18135, 117, 13485, 135, 11687, 195, 8091, 377, 4185, 403, 3915, 435, 3627, 837, 1885, 1209, 1305]
Omitted divisors: [65, 24273, 135, 11687, 155, 10179, 279, 5655, 351, 4495, 403, 3915, 585, 2697, 837, 1885, 1209, 1305]
Omitted divisors: [87, 18135, 135, 11687, 195, 8091, 279, 5655, 351, 4495, 377, 4185, 435, 3627, 465, 3393, 585, 2697, 837, 1885, 1209, 1305]
Omitted divisors: [87, 18135, 93, 16965, 155, 10179, 195, 8091, 403, 3915, 465, 3393, 783, 2015, 837, 1885, 1209, 1305]
Omitted divisors: [87, 18135, 135, 11687, 155, 10179, 279, 5655, 377, 4185, 435, 3627, 465, 3393, 585, 2697, 783, 2015, 837, 1885, 1209, 1305]
Omitted divisors: [65, 24273, 117, 13485, 135, 11687, 155, 10179, 351, 4495, 899, 1755, 1209, 1305]
Omitted divisors: [87, 18135, 93, 16965, 155, 10179, 261, 6045, 351, 4495, 403, 3915, 465, 3393, 899, 1755, 1209, 1305]
Omitted divisors: [87, 18135, 93, 16965, 135, 11687, 279, 5655, 377, 4185, 435, 3627, 585, 2697, 899, 1755, 1209, 1305]
Omitted divisors: [39, 40455, 145, 10881, 261, 6045, 403, 3915, 783, 2015, 899, 1755, 1209, 1305]
Omitted divisors: [93, 16965, 135, 11687, 195, 8091, 261, 6045, 279, 5655, 377, 4185, 403, 3915, 465, 3393, 783, 2015, 899, 1755, 1209, 1305]
Omitted divisors: [45, 35061, 195, 8091, 261, 6045, 351, 4495, 403, 3915, 585, 2697, 783, 2015, 899, 1755, 1209, 1305]
Omitted divisors: [65, 24273, 87, 18135, 261, 6045, 279, 5655, 435, 3627, 585, 2697, 783, 2015, 899, 1755, 1209, 1305]
Omitted divisors: [93, 16965, 135, 11687, 145, 10881, 279, 5655, 351, 4495, 403, 3915, 465, 3393, 585, 2697, 783, 2015, 899, 1755, 1209, 1305]
Omitted divisors: [65, 24273, 87, 18135, 279, 5655, 351, 4495, 377, 4185, 403, 3915, 837, 1885, 899, 1755, 1209, 1305]
Omitted divisors: [87, 18135, 135, 11687, 195, 8091, 261, 6045, 351, 4495, 377, 4185, 403, 3915, 465, 3393, 837, 1885, 899, 1755, 1209, 1305]
Omitted divisors: [87, 18135, 145, 10881, 195, 8091, 261, 6045, 279, 5655, 351, 4495, 403, 3915, 585, 2697, 837, 1885, 899, 1755, 1209, 1305]
Omitted divisors: [117, 13485, 135, 11687, 145, 10881, 195, 8091, 261, 6045, 403, 3915, 435, 3627, 783, 2015, 837, 1885, 899, 1755, 1209, 1305]
Omitted divisors: [87, 18135, 135, 11687, 155, 10179, 261, 6045, 377, 4185, 403, 3915, 465, 3393, 783, 2015, 837, 1885, 899, 1755, 1209, 1305]
Omitted divisors: [65, 24273, 135, 11687, 279, 5655, 351, 4495, 377, 4185, 435, 3627, 465, 3393, 783, 2015, 837, 1885, 899, 1755, 1209, 1305]
Omitted divisors: [87, 18135, 145, 10881, 155, 10179, 261, 6045, 279, 5655, 403, 3915, 585, 2697, 783, 2015, 837, 1885, 899, 1755, 1209, 1305]
Omitted divisors: [135, 11687, 145, 10881, 195, 8091, 261, 6045, 279, 5655, 351, 4495, 435, 3627, 465, 3393, 585, 2697, 783, 2015, 837, 1885, 899, 1755, 1209, 1305]
Omitted divisors: [87, 18135, 135, 11687, 145, 10881, 195, 8091, 261, 6045, 351, 4495, 377, 4185, 1131, 1395, 1209, 1305]
Omitted divisors: [93, 16965, 117, 13485, 145, 10881, 195, 8091, 279, 5655, 351, 4495, 403, 3915, 1131, 1395, 1209, 1305]
Omitted divisors: [65, 24273, 87, 18135, 117, 13485, 351, 4495, 435, 3627, 1131, 1395, 1209, 1305]
Omitted divisors: [87, 18135, 93, 16965, 135, 11687, 261, 6045, 403, 3915, 435, 3627, 585, 2697, 1131, 1395, 1209, 1305]
Omitted divisors: [87, 18135, 135, 11687, 145, 10881, 155, 10179, 261, 6045, 377, 4185, 783, 2015, 1131, 1395, 1209, 1305]
Omitted divisors: [45, 35061, 135, 11687, 145, 10881, 403, 3915, 783, 2015, 1131, 1395, 1209, 1305]
Omitted divisors: [93, 16965, 117, 13485, 145, 10881, 155, 10179, 279, 5655, 403, 3915, 783, 2015, 1131, 1395, 1209, 1305]
Omitted divisors: [39, 40455, 117, 13485, 403, 3915, 465, 3393, 783, 2015, 1131, 1395, 1209, 1305]
Omitted divisors: [87, 18135, 117, 13485, 135, 11687, 145, 10881, 403, 3915, 585, 2697, 783, 2015, 1131, 1395, 1209, 1305]
Omitted divisors: [93, 16965, 135, 11687, 155, 10179, 261, 6045, 351, 4495, 377, 4185, 435, 3627, 585, 2697, 783, 2015, 1131, 1395, 1209, 1305]
Omitted divisors: [87, 18135, 135, 11687, 195, 8091, 261, 6045, 279, 5655, 377, 4185, 465, 3393, 585, 2697, 783, 2015, 1131, 1395, 1209, 1305]
Omitted divisors: [87, 18135, 117, 13485, 145, 10881, 155, 10179, 351, 4495, 403, 3915, 837, 1885, 1131, 1395, 1209, 1305]
Omitted divisors: [93, 16965, 135, 11687, 195, 8091, 261, 6045, 279, 5655, 377, 4185, 403, 3915, 435, 3627, 837, 1885, 1131, 1395, 1209, 1305]
Omitted divisors: [87, 18135, 155, 10179, 195, 8091, 261, 6045, 279, 5655, 351, 4495, 377, 4185, 465, 3393, 837, 1885, 1131, 1395, 1209, 1305]
Omitted divisors: [45, 35061, 195, 8091, 279, 5655, 351, 4495, 403, 3915, 465, 3393, 837, 1885, 1131, 1395, 1209, 1305]
Omitted divisors: [93, 16965, 135, 11687, 145, 10881, 279, 5655, 351, 4495, 403, 3915, 435, 3627, 585, 2697, 837, 1885, 1131, 1395, 1209, 1305]
Omitted divisors: [87, 18135, 117, 13485, 195, 8091, 279, 5655, 351, 4495, 403, 3915, 465, 3393, 585, 2697, 837, 1885, 1131, 1395, 1209, 1305]
Omitted divisors: [117, 13485, 135, 11687, 145, 10881, 195, 8091, 279, 5655, 377, 4185, 403, 3915, 783, 2015, 837, 1885, 1131, 1395, 1209, 1305]
Omitted divisors: [117, 13485, 145, 10881, 155, 10179, 195, 8091, 261, 6045, 279, 5655, 435, 3627, 783, 2015, 837, 1885, 1131, 1395, 1209, 1305]
Omitted divisors: [31, 50895, 377, 4185, 435, 3627, 783, 2015, 837, 1885, 1131, 1395, 1209, 1305]
Omitted divisors: [65, 24273, 87, 18135, 195, 8091, 351, 4495, 465, 3393, 783, 2015, 837, 1885, 1131, 1395, 1209, 1305]
Omitted divisors: [45, 35061, 155, 10179, 279, 5655, 403, 3915, 465, 3393, 783, 2015, 837, 1885, 1131, 1395, 1209, 1305]
Omitted divisors: [117, 13485, 135, 11687, 145, 10881, 155, 10179, 351, 4495, 435, 3627, 465, 3393, 783, 2015, 837, 1885, 1131, 1395, 1209, 1305]
Omitted divisors: [65, 24273, 135, 11687, 261, 6045, 351, 4495, 403, 3915, 435, 3627, 465, 3393, 783, 2015, 837, 1885, 1131, 1395, 1209, 1305]
Omitted divisors: [87, 18135, 117, 13485, 155, 10179, 279, 5655, 403, 3915, 465, 3393, 585, 2697, 783, 2015, 837, 1885, 1131, 1395, 1209, 1305]
Omitted divisors: [87, 18135, 93, 16965, 155, 10179, 261, 6045, 279, 5655, 377, 4185, 899, 1755, 1131, 1395, 1209, 1305]
Omitted divisors: [45, 35061, 93, 16965, 279, 5655, 403, 3915, 899, 1755, 1131, 1395, 1209, 1305]
Omitted divisors: [117, 13485, 135, 11687, 145, 10881, 261, 6045, 279, 5655, 351, 4495, 377, 4185, 403, 3915, 899, 1755, 1131, 1395, 1209, 1305]
Omitted divisors: [93, 16965, 117, 13485, 135, 11687, 145, 10881, 351, 4495, 435, 3627, 899, 1755, 1131, 1395, 1209, 1305]
Omitted divisors: [87, 18135, 93, 16965, 117, 13485, 279, 5655, 403, 3915, 585, 2697, 899, 1755, 1131, 1395, 1209, 1305]
Omitted divisors: [65, 24273, 87, 18135, 93, 16965, 783, 2015, 899, 1755, 1131, 1395, 1209, 1305]
Omitted divisors: [45, 35061, 135, 11687, 351, 4495, 377, 4185, 585, 2697, 783, 2015, 899, 1755, 1131, 1395, 1209, 1305]
Omitted divisors: [93, 16965, 117, 13485, 155, 10179, 279, 5655, 351, 4495, 377, 4185, 585, 2697, 783, 2015, 899, 1755, 1131, 1395, 1209, 1305]
Omitted divisors: [93, 16965, 117, 13485, 135, 11687, 279, 5655, 435, 3627, 465, 3393, 585, 2697, 783, 2015, 899, 1755, 1131, 1395, 1209, 1305]
Omitted divisors: [45, 35061, 195, 8091, 261, 6045, 279, 5655, 435, 3627, 837, 1885, 899, 1755, 1131, 1395, 1209, 1305]
Omitted divisors: [39, 40455, 279, 5655, 351, 4495, 377, 4185, 465, 3393, 837, 1885, 899, 1755, 1131, 1395, 1209, 1305]
Omitted divisors: [45, 35061, 135, 11687, 351, 4495, 435, 3627, 465, 3393, 837, 1885, 899, 1755, 1131, 1395, 1209, 1305]
Omitted divisors: [93, 16965, 117, 13485, 155, 10179, 279, 5655, 351, 4495, 435, 3627, 465, 3393, 837, 1885, 899, 1755, 1131, 1395, 1209, 1305]
Omitted divisors: [87, 18135, 135, 11687, 145, 10881, 279, 5655, 351, 4495, 377, 4185, 585, 2697, 837, 1885, 899, 1755, 1131, 1395, 1209, 1305]
Omitted divisors: [87, 18135, 117, 13485, 195, 8091, 261, 6045, 279, 5655, 435, 3627, 585, 2697, 837, 1885, 899, 1755, 1131, 1395, 1209, 1305]
Omitted divisors: [93, 16965, 117, 13485, 145, 10881, 261, 6045, 377, 4185, 465, 3393, 585, 2697, 837, 1885, 899, 1755, 1131, 1395, 1209, 1305]
Omitted divisors: [87, 18135, 117, 13485, 135, 11687, 351, 4495, 435, 3627, 465, 3393, 585, 2697, 837, 1885, 899, 1755, 1131, 1395, 1209, 1305]
Omitted divisors: [93, 16965, 135, 11687, 145, 10881, 195, 8091, 351, 4495, 465, 3393, 783, 2015, 837, 1885, 899, 1755, 1131, 1395, 1209, 1305]
Omitted divisors: [65, 24273, 117, 13485, 279, 5655, 351, 4495, 403, 3915, 465, 3393, 783, 2015, 837, 1885, 899, 1755, 1131, 1395, 1209, 1305]


Number: 1594593
Number of solutions: 6
Omitted divisors: [99, 16107, 273, 5841, 297, 5369, 351, 4543, 531, 3003]
Omitted divisors: [143, 11151, 231, 6903, 351, 4543, 429, 3717, 649, 2457, 693, 2301, 767, 2079]
Omitted divisors: [91, 17523, 99, 16107, 1001, 1593]
Omitted divisors: [99, 16107, 177, 9009, 351, 4543, 531, 3003, 1001, 1593]
Omitted divisors: [189, 8437, 231, 6903, 273, 5841, 351, 4543, 413, 3861, 767, 2079, 1239, 1287]
Omitted divisors: [91, 17523, 413, 3861, 531, 3003, 649, 2457, 819, 1947, 1001, 1593, 1239, 1287]


Number: 1613385
Number of solutions: 17
Omitted divisors: [95, 16983, 135, 11951, 185, 8721, 255, 6327, 323, 4995, 555, 2907, 703, 2295]
Omitted divisors: [85, 18981, 135, 11951, 171, 9435, 285, 5661, 513, 3145, 629, 2565, 765, 2109]
Omitted divisors: [85, 18981, 185, 8721, 255, 6327, 333, 4845, 459, 3515, 513, 3145, 629, 2565, 703, 2295, 765, 2109]
Omitted divisors: [85, 18981, 153, 10545, 171, 9435, 285, 5661, 333, 4845, 629, 2565, 855, 1887]
Omitted divisors: [85, 18981, 185, 8721, 255, 6327, 285, 5661, 513, 3145, 555, 2907, 629, 2565, 765, 2109, 855, 1887]
Omitted divisors: [85, 18981, 135, 11951, 285, 5661, 459, 3515, 513, 3145, 629, 2565, 703, 2295, 765, 2109, 969, 1665]
Omitted divisors: [85, 18981, 153, 10545, 285, 5661, 333, 4845, 459, 3515, 629, 2565, 703, 2295, 855, 1887, 969, 1665]
Omitted divisors: [85, 18981, 153, 10545, 255, 6327, 333, 4845, 555, 2907, 629, 2565, 765, 2109, 855, 1887, 969, 1665]
Omitted divisors: [85, 18981, 153, 10545, 255, 6327, 333, 4845, 513, 3145, 703, 2295, 765, 2109, 855, 1887, 969, 1665]
Omitted divisors: [51, 31635, 135, 11951, 255, 6327, 555, 2907, 999, 1615]
Omitted divisors: [95, 16983, 111, 14535, 171, 9435, 323, 4995, 459, 3515, 629, 2565, 999, 1615]
Omitted divisors: [111, 14535, 135, 11951, 185, 8721, 323, 4995, 513, 3145, 555, 2907, 703, 2295, 855, 1887, 999, 1615]
Omitted divisors: [95, 16983, 171, 9435, 185, 8721, 323, 4995, 459, 3515, 629, 2565, 703, 2295, 855, 1887, 999, 1615]
Omitted divisors: [57, 28305, 153, 10545, 285, 5661, 629, 2565, 765, 2109, 855, 1887, 999, 1615]
Omitted divisors: [85, 18981, 135, 11951, 185, 8721, 285, 5661, 333, 4845, 969, 1665, 999, 1615]
Omitted divisors: [95, 16983, 135, 11951, 255, 6327, 323, 4995, 513, 3145, 555, 2907, 703, 2295, 969, 1665, 999, 1615]
Omitted divisors: [85, 18981, 171, 9435, 285, 5661, 323, 4995, 333, 4845, 629, 2565, 765, 2109, 969, 1665, 999, 1615]


Number: 1654965
Number of solutions: 236
Omitted divisors: [65, 25461, 115, 14391, 123, 13455, 205, 8073, 345, 4797, 351, 4715, 369, 4485]
Omitted divisors: [41, 40365, 117, 14145, 123, 13455, 351, 4715, 533, 3105]
Omitted divisors: [65, 25461, 123, 13455, 135, 12259, 195, 8487, 205, 8073, 369, 4485, 533, 3105]
Omitted divisors: [45, 36777, 135, 12259, 205, 8073, 299, 5535, 345, 4797, 351, 4715, 585, 2829]
Omitted divisors: [65, 25461, 69, 23985, 207, 7995, 299, 5535, 351, 4715, 369, 4485, 585, 2829]
Omitted divisors: [45, 36777, 115, 14391, 195, 8487, 345, 4797, 369, 4485, 533, 3105, 615, 2691]
Omitted divisors: [65, 25461, 135, 12259, 205, 8073, 207, 7995, 299, 5535, 345, 4797, 369, 4485, 585, 2829, 615, 2691]
Omitted divisors: [65, 25461, 117, 14145, 195, 8487, 207, 7995, 351, 4715, 369, 4485, 533, 3105, 585, 2829, 615, 2691]
Omitted divisors: [65, 25461, 115, 14391, 117, 14145, 195, 8487, 299, 5535, 369, 4485, 621, 2665]
Omitted divisors: [45, 36777, 123, 13455, 207, 7995, 345, 4797, 351, 4715, 369, 4485, 621, 2665]
Omitted divisors: [41, 40365, 123, 13455, 299, 5535, 345, 4797, 351, 4715, 533, 3105, 621, 2665]
Omitted divisors: [65, 25461, 117, 14145, 123, 13455, 195, 8487, 207, 7995, 585, 2829, 621, 2665]
Omitted divisors: [117, 14145, 123, 13455, 135, 12259, 195, 8487, 205, 8073, 207, 7995, 369, 4485, 585, 2829, 621, 2665]
Omitted divisors: [69, 23985, 115, 14391, 117, 14145, 135, 12259, 345, 4797, 615, 2691, 621, 2665]
Omitted divisors: [65, 25461, 115, 14391, 205, 8073, 207, 7995, 345, 4797, 351, 4715, 533, 3105, 615, 2691, 621, 2665]
Omitted divisors: [39, 42435, 117, 14145, 345, 4797, 351, 4715, 585, 2829, 615, 2691, 621, 2665]
Omitted divisors: [65, 25461, 195, 8487, 207, 7995, 299, 5535, 345, 4797, 351, 4715, 369, 4485, 533, 3105, 585, 2829, 615, 2691, 621, 2665]
Omitted divisors: [69, 23985, 117, 14145, 123, 13455, 205, 8073, 207, 7995, 299, 5535, 897, 1845]
Omitted divisors: [65, 25461, 117, 14145, 135, 12259, 195, 8487, 207, 7995, 345, 4797, 897, 1845]
Omitted divisors: [65, 25461, 117, 14145, 135, 12259, 195, 8487, 205, 8073, 351, 4715, 897, 1845]
Omitted divisors: [69, 23985, 117, 14145, 123, 13455, 135, 12259, 351, 4715, 369, 4485, 897, 1845]
Omitted divisors: [65, 25461, 115, 14391, 123, 13455, 195, 8487, 205, 8073, 533, 3105, 897, 1845]
Omitted divisors: [115, 14391, 117, 14145, 123, 13455, 135, 12259, 299, 5535, 345, 4797, 369, 4485, 533, 3105, 897, 1845]
Omitted divisors: [69, 23985, 115, 14391, 205, 8073, 207, 7995, 299, 5535, 351, 4715, 369, 4485, 585, 2829, 897, 1845]
Omitted divisors: [27, 61295, 299, 5535, 533, 3105, 585, 2829, 897, 1845]
Omitted divisors: [65, 25461, 117, 14145, 123, 13455, 135, 12259, 345, 4797, 615, 2691, 897, 1845]
Omitted divisors: [65, 25461, 115, 14391, 205, 8073, 207, 7995, 299, 5535, 345, 4797, 585, 2829, 615, 2691, 897, 1845]
Omitted divisors: [65, 25461, 115, 14391, 135, 12259, 345, 4797, 351, 4715, 369, 4485, 585, 2829, 615, 2691, 897, 1845]
Omitted divisors: [69, 23985, 123, 13455, 135, 12259, 195, 8487, 345, 4797, 533, 3105, 585, 2829, 615, 2691, 897, 1845]
Omitted divisors: [115, 14391, 117, 14145, 195, 8487, 205, 8073, 207, 7995, 351, 4715, 369, 4485, 533, 3105, 585, 2829, 615, 2691, 897, 1845]
Omitted divisors: [65, 25461, 135, 12259, 195, 8487, 205, 8073, 299, 5535, 345, 4797, 351, 4715, 621, 2665, 897, 1845]
Omitted divisors: [41, 40365, 135, 12259, 207, 7995, 351, 4715, 369, 4485, 621, 2665, 897, 1845]
Omitted divisors: [69, 23985, 123, 13455, 135, 12259, 299, 5535, 345, 4797, 351, 4715, 369, 4485, 621, 2665, 897, 1845]
Omitted divisors: [45, 36777, 123, 13455, 195, 8487, 207, 7995, 533, 3105, 621, 2665, 897, 1845]
Omitted divisors: [115, 14391, 117, 14145, 123, 13455, 195, 8487, 205, 8073, 207, 7995, 585, 2829, 621, 2665, 897, 1845]
Omitted divisors: [117, 14145, 123, 13455, 195, 8487, 205, 8073, 207, 7995, 299, 5535, 345, 4797, 533, 3105, 615, 2691, 621, 2665, 897, 1845]
Omitted divisors: [69, 23985, 117, 14145, 135, 12259, 207, 7995, 351, 4715, 533, 3105, 615, 2691, 621, 2665, 897, 1845]
Omitted divisors: [117, 14145, 123, 13455, 135, 12259, 195, 8487, 345, 4797, 351, 4715, 369, 4485, 533, 3105, 615, 2691, 621, 2665, 897, 1845]
Omitted divisors: [45, 36777, 205, 8073, 207, 7995, 299, 5535, 351, 4715, 585, 2829, 615, 2691, 621, 2665, 897, 1845]
Omitted divisors: [115, 14391, 195, 8487, 205, 8073, 207, 7995, 299, 5535, 345, 4797, 351, 4715, 369, 4485, 533, 3105, 585, 2829, 615, 2691, 621, 2665, 897, 1845]
Omitted divisors: [65, 25461, 117, 14145, 123, 13455, 135, 12259, 369, 4485, 533, 3105, 943, 1755]
Omitted divisors: [45, 36777, 135, 12259, 205, 8073, 207, 7995, 345, 4797, 585, 2829, 943, 1755]
Omitted divisors: [69, 23985, 117, 14145, 205, 8073, 207, 7995, 299, 5535, 345, 4797, 351, 4715, 585, 2829, 943, 1755]
Omitted divisors: [65, 25461, 115, 14391, 195, 8487, 205, 8073, 345, 4797, 351, 4715, 533, 3105, 585, 2829, 943, 1755]
Omitted divisors: [65, 25461, 115, 14391, 205, 8073, 207, 7995, 299, 5535, 369, 4485, 533, 3105, 585, 2829, 943, 1755]
Omitted divisors: [69, 23985, 115, 14391, 123, 13455, 345, 4797, 351, 4715, 369, 4485, 533, 3105, 585, 2829, 943, 1755]
Omitted divisors: [41, 40365, 123, 13455, 207, 7995, 345, 4797, 533, 3105, 621, 2665, 943, 1755]
Omitted divisors: [41, 40365, 123, 13455, 205, 8073, 351, 4715, 533, 3105, 621, 2665, 943, 1755]
Omitted divisors: [65, 25461, 123, 13455, 135, 12259, 299, 5535, 345, 4797, 369, 4485, 533, 3105, 621, 2665, 943, 1755]
Omitted divisors: [45, 36777, 195, 8487, 207, 7995, 345, 4797, 351, 4715, 533, 3105, 585, 2829, 621, 2665, 943, 1755]
Omitted divisors: [69, 23985, 117, 14145, 135, 12259, 195, 8487, 369, 4485, 585, 2829, 615, 2691, 621, 2665, 943, 1755]
Omitted divisors: [45, 36777, 123, 13455, 345, 4797, 351, 4715, 533, 3105, 585, 2829, 615, 2691, 621, 2665, 943, 1755]
Omitted divisors: [65, 25461, 195, 8487, 205, 8073, 207, 7995, 351, 4715, 369, 4485, 533, 3105, 585, 2829, 615, 2691, 621, 2665, 943, 1755]
Omitted divisors: [65, 25461, 115, 14391, 117, 14145, 123, 13455, 533, 3105, 897, 1845, 943, 1755]
Omitted divisors: [115, 14391, 117, 14145, 123, 13455, 135, 12259, 205, 8073, 369, 4485, 533, 3105, 897, 1845, 943, 1755]
Omitted divisors: [41, 40365, 123, 13455, 205, 8073, 299, 5535, 585, 2829, 897, 1845, 943, 1755]
Omitted divisors: [69, 23985, 117, 14145, 135, 12259, 195, 8487, 351, 4715, 533, 3105, 585, 2829, 897, 1845, 943, 1755]
Omitted divisors: [41, 40365, 117, 14145, 195, 8487, 369, 4485, 615, 2691, 897, 1845, 943, 1755]
Omitted divisors: [39, 42435, 195, 8487, 345, 4797, 369, 4485, 533, 3105, 585, 2829, 615, 2691, 897, 1845, 943, 1755]
Omitted divisors: [65, 25461, 135, 12259, 195, 8487, 205, 8073, 207, 7995, 345, 4797, 621, 2665, 897, 1845, 943, 1755]
Omitted divisors: [65, 25461, 69, 23985, 123, 13455, 351, 4715, 621, 2665, 897, 1845, 943, 1755]
Omitted divisors: [65, 25461, 117, 14145, 135, 12259, 299, 5535, 345, 4797, 351, 4715, 621, 2665, 897, 1845, 943, 1755]
Omitted divisors: [69, 23985, 123, 13455, 135, 12259, 207, 7995, 345, 4797, 369, 4485, 621, 2665, 897, 1845, 943, 1755]
Omitted divisors: [69, 23985, 123, 13455, 135, 12259, 205, 8073, 351, 4715, 369, 4485, 621, 2665, 897, 1845, 943, 1755]
Omitted divisors: [65, 25461, 115, 14391, 123, 13455, 299, 5535, 345, 4797, 533, 3105, 621, 2665, 897, 1845, 943, 1755]
Omitted divisors: [115, 14391, 123, 13455, 135, 12259, 205, 8073, 299, 5535, 345, 4797, 369, 4485, 533, 3105, 621, 2665, 897, 1845, 943, 1755]
Omitted divisors: [69, 23985, 135, 12259, 195, 8487, 299, 5535, 345, 4797, 351, 4715, 533, 3105, 585, 2829, 621, 2665, 897, 1845, 943, 1755]
Omitted divisors: [65, 25461, 123, 13455, 135, 12259, 205, 8073, 345, 4797, 615, 2691, 621, 2665, 897, 1845, 943, 1755]
Omitted divisors: [41, 40365, 195, 8487, 299, 5535, 345, 4797, 369, 4485, 615, 2691, 621, 2665, 897, 1845, 943, 1755]
Omitted divisors: [69, 23985, 115, 14391, 117, 14145, 195, 8487, 585, 2829, 615, 2691, 621, 2665, 897, 1845, 943, 1755]
Omitted divisors: [41, 40365, 135, 12259, 351, 4715, 533, 3105, 585, 2829, 615, 2691, 621, 2665, 897, 1845, 943, 1755]
Omitted divisors: [115, 14391, 117, 14145, 207, 7995, 299, 5535, 345, 4797, 351, 4715, 369, 4485, 533, 3105, 585, 2829, 615, 2691, 621, 2665, 897, 1845, 943, 1755]
Omitted divisors: [41, 40365, 115, 14391, 117, 14145, 345, 4797, 1035, 1599]
Omitted divisors: [65, 25461, 117, 14145, 123, 13455, 135, 12259, 345, 4797, 585, 2829, 1035, 1599]
Omitted divisors: [45, 36777, 65, 25461, 195, 8487, 621, 2665, 1035, 1599]
Omitted divisors: [45, 36777, 135, 12259, 195, 8487, 205, 8073, 369, 4485, 621, 2665, 1035, 1599]
Omitted divisors: [69, 23985, 117, 14145, 195, 8487, 207, 7995, 299, 5535, 345, 4797, 369, 4485, 621, 2665, 1035, 1599]
Omitted divisors: [69, 23985, 117, 14145, 195, 8487, 205, 8073, 299, 5535, 351, 4715, 369, 4485, 621, 2665, 1035, 1599]
Omitted divisors: [117, 14145, 123, 13455, 195, 8487, 205, 8073, 207, 7995, 299, 5535, 345, 4797, 533, 3105, 585, 2829, 621, 2665, 1035, 1599]
Omitted divisors: [69, 23985, 117, 14145, 135, 12259, 207, 7995, 351, 4715, 533, 3105, 585, 2829, 621, 2665, 1035, 1599]
Omitted divisors: [117, 14145, 123, 13455, 135, 12259, 195, 8487, 345, 4797, 351, 4715, 369, 4485, 533, 3105, 585, 2829, 621, 2665, 1035, 1599]
Omitted divisors: [65, 25461, 117, 14145, 195, 8487, 205, 8073, 299, 5535, 345, 4797, 615, 2691, 621, 2665, 1035, 1599]
Omitted divisors: [41, 40365, 117, 14145, 207, 7995, 369, 4485, 615, 2691, 621, 2665, 1035, 1599]
Omitted divisors: [69, 23985, 117, 14145, 123, 13455, 299, 5535, 345, 4797, 369, 4485, 615, 2691, 621, 2665, 1035, 1599]
Omitted divisors: [65, 25461, 69, 23985, 115, 14391, 533, 3105, 615, 2691, 621, 2665, 1035, 1599]
Omitted divisors: [69, 23985, 115, 14391, 135, 12259, 205, 8073, 369, 4485, 533, 3105, 615, 2691, 621, 2665, 1035, 1599]
Omitted divisors: [39, 42435, 207, 7995, 345, 4797, 369, 4485, 533, 3105, 585, 2829, 615, 2691, 621, 2665, 1035, 1599]
Omitted divisors: [39, 42435, 205, 8073, 351, 4715, 369, 4485, 533, 3105, 585, 2829, 615, 2691, 621, 2665, 1035, 1599]
Omitted divisors: [65, 25461, 115, 14391, 205, 8073, 207, 7995, 345, 4797, 351, 4715, 369, 4485, 897, 1845, 1035, 1599]
Omitted divisors: [45, 36777, 123, 13455, 135, 12259, 345, 4797, 533, 3105, 897, 1845, 1035, 1599]
Omitted divisors: [69, 23985, 123, 13455, 195, 8487, 205, 8073, 207, 7995, 345, 4797, 533, 3105, 897, 1845, 1035, 1599]
Omitted divisors: [41, 40365, 117, 14145, 207, 7995, 351, 4715, 533, 3105, 897, 1845, 1035, 1599]
Omitted divisors: [69, 23985, 117, 14145, 123, 13455, 299, 5535, 345, 4797, 351, 4715, 533, 3105, 897, 1845, 1035, 1599]
Omitted divisors: [65, 25461, 135, 12259, 195, 8487, 205, 8073, 207, 7995, 369, 4485, 533, 3105, 897, 1845, 1035, 1599]
Omitted divisors: [65, 25461, 117, 14145, 135, 12259, 299, 5535, 351, 4715, 369, 4485, 533, 3105, 897, 1845, 1035, 1599]
Omitted divisors: [115, 14391, 117, 14145, 123, 13455, 135, 12259, 205, 8073, 345, 4797, 585, 2829, 897, 1845, 1035, 1599]
Omitted divisors: [65, 25461, 123, 13455, 135, 12259, 205, 8073, 369, 4485, 533, 3105, 615, 2691, 897, 1845, 1035, 1599]
Omitted divisors: [45, 36777, 115, 14391, 195, 8487, 205, 8073, 621, 2665, 897, 1845, 1035, 1599]
Omitted divisors: [39, 42435, 135, 12259, 205, 8073, 345, 4797, 621, 2665, 897, 1845, 1035, 1599]
Omitted divisors: [41, 40365, 207, 7995, 299, 5535, 345, 4797, 351, 4715, 533, 3105, 621, 2665, 897, 1845, 1035, 1599]
Omitted divisors: [115, 14391, 117, 14145, 123, 13455, 195, 8487, 345, 4797, 351, 4715, 533, 3105, 585, 2829, 621, 2665, 897, 1845, 1035, 1599]
Omitted divisors: [115, 14391, 117, 14145, 123, 13455, 207, 7995, 299, 5535, 369, 4485, 533, 3105, 585, 2829, 621, 2665, 897, 1845, 1035, 1599]
Omitted divisors: [65, 25461, 115, 14391, 117, 14145, 299, 5535, 369, 4485, 615, 2691, 621, 2665, 897, 1845, 1035, 1599]
Omitted divisors: [65, 25461, 117, 14145, 123, 13455, 207, 7995, 585, 2829, 615, 2691, 621, 2665, 897, 1845, 1035, 1599]
Omitted divisors: [117, 14145, 123, 13455, 135, 12259, 205, 8073, 207, 7995, 369, 4485, 585, 2829, 615, 2691, 621, 2665, 897, 1845, 1035, 1599]
Omitted divisors: [69, 23985, 115, 14391, 195, 8487, 299, 5535, 369, 4485, 533, 3105, 585, 2829, 615, 2691, 621, 2665, 897, 1845, 1035, 1599]
Omitted divisors: [41, 40365, 117, 14145, 195, 8487, 369, 4485, 585, 2829, 943, 1755, 1035, 1599]
Omitted divisors: [65, 25461, 135, 12259, 205, 8073, 345, 4797, 351, 4715, 369, 4485, 533, 3105, 585, 2829, 615, 2691, 943, 1755, 1035, 1599]
Omitted divisors: [41, 40365, 115, 14391, 205, 8073, 345, 4797, 621, 2665, 943, 1755, 1035, 1599]
Omitted divisors: [45, 36777, 117, 14145, 135, 12259, 369, 4485, 621, 2665, 943, 1755, 1035, 1599]
Omitted divisors: [69, 23985, 117, 14145, 195, 8487, 205, 8073, 207, 7995, 369, 4485, 621, 2665, 943, 1755, 1035, 1599]
Omitted divisors: [65, 25461, 123, 13455, 135, 12259, 205, 8073, 345, 4797, 585, 2829, 621, 2665, 943, 1755, 1035, 1599]
Omitted divisors: [41, 40365, 195, 8487, 299, 5535, 345, 4797, 369, 4485, 585, 2829, 621, 2665, 943, 1755, 1035, 1599]
Omitted divisors: [69, 23985, 117, 14145, 123, 13455, 205, 8073, 369, 4485, 615, 2691, 621, 2665, 943, 1755, 1035, 1599]
Omitted divisors: [69, 23985, 117, 14145, 195, 8487, 299, 5535, 345, 4797, 533, 3105, 585, 2829, 615, 2691, 621, 2665, 943, 1755, 1035, 1599]
Omitted divisors: [69, 23985, 117, 14145, 123, 13455, 207, 7995, 345, 4797, 533, 3105, 897, 1845, 943, 1755, 1035, 1599]
Omitted divisors: [69, 23985, 117, 14145, 123, 13455, 205, 8073, 351, 4715, 533, 3105, 897, 1845, 943, 1755, 1035, 1599]
Omitted divisors: [65, 25461, 117, 14145, 135, 12259, 207, 7995, 369, 4485, 533, 3105, 897, 1845, 943, 1755, 1035, 1599]
Omitted divisors: [45, 36777, 123, 13455, 345, 4797, 351, 4715, 369, 4485, 585, 2829, 897, 1845, 943, 1755, 1035, 1599]
Omitted divisors: [69, 23985, 115, 14391, 207, 7995, 345, 4797, 351, 4715, 369, 4485, 533, 3105, 585, 2829, 897, 1845, 943, 1755, 1035, 1599]
Omitted divisors: [65, 25461, 115, 14391, 205, 8073, 345, 4797, 351, 4715, 533, 3105, 585, 2829, 615, 2691, 897, 1845, 943, 1755, 1035, 1599]
Omitted divisors: [45, 36777, 115, 14391, 117, 14145, 621, 2665, 897, 1845, 943, 1755, 1035, 1599]
Omitted divisors: [41, 40365, 205, 8073, 207, 7995, 351, 4715, 533, 3105, 621, 2665, 897, 1845, 943, 1755, 1035, 1599]
Omitted divisors: [69, 23985, 123, 13455, 205, 8073, 299, 5535, 345, 4797, 351, 4715, 533, 3105, 621, 2665, 897, 1845, 943, 1755, 1035, 1599]
Omitted divisors: [65, 25461, 135, 12259, 207, 7995, 299, 5535, 345, 4797, 369, 4485, 533, 3105, 621, 2665, 897, 1845, 943, 1755, 1035, 1599]
Omitted divisors: [65, 25461, 135, 12259, 205, 8073, 299, 5535, 351, 4715, 369, 4485, 533, 3105, 621, 2665, 897, 1845, 943, 1755, 1035, 1599]
Omitted divisors: [45, 36777, 207, 7995, 345, 4797, 351, 4715, 533, 3105, 585, 2829, 615, 2691, 621, 2665, 897, 1845, 943, 1755, 1035, 1599]
Omitted divisors: [45, 36777, 117, 14145, 207, 7995, 345, 4797, 351, 4715, 369, 4485, 1107, 1495]
Omitted divisors: [41, 40365, 195, 8487, 205, 8073, 207, 7995, 345, 4797, 533, 3105, 1107, 1495]
Omitted divisors: [41, 40365, 117, 14145, 299, 5535, 345, 4797, 351, 4715, 533, 3105, 1107, 1495]
Omitted divisors: [65, 25461, 135, 12259, 195, 8487, 205, 8073, 299, 5535, 345, 4797, 369, 4485, 533, 3105, 1107, 1495]
Omitted divisors: [41, 40365, 123, 13455, 205, 8073, 345, 4797, 533, 3105, 615, 2691, 1107, 1495]
Omitted divisors: [45, 36777, 195, 8487, 205, 8073, 345, 4797, 351, 4715, 533, 3105, 585, 2829, 615, 2691, 1107, 1495]
Omitted divisors: [45, 36777, 205, 8073, 207, 7995, 299, 5535, 369, 4485, 533, 3105, 585, 2829, 615, 2691, 1107, 1495]
Omitted divisors: [39, 42435, 117, 14145, 299, 5535, 369, 4485, 533, 3105, 621, 2665, 1107, 1495]
Omitted divisors: [65, 25461, 117, 14145, 195, 8487, 207, 7995, 299, 5535, 345, 4797, 585, 2829, 621, 2665, 1107, 1495]
Omitted divisors: [65, 25461, 117, 14145, 195, 8487, 205, 8073, 299, 5535, 351, 4715, 585, 2829, 621, 2665, 1107, 1495]
Omitted divisors: [45, 36777, 123, 13455, 135, 12259, 369, 4485, 585, 2829, 621, 2665, 1107, 1495]
Omitted divisors: [69, 23985, 123, 13455, 195, 8487, 205, 8073, 207, 7995, 369, 4485, 585, 2829, 621, 2665, 1107, 1495]
Omitted divisors: [117, 14145, 135, 12259, 195, 8487, 205, 8073, 207, 7995, 299, 5535, 345, 4797, 369, 4485, 585, 2829, 621, 2665, 1107, 1495]
Omitted divisors: [69, 23985, 117, 14145, 123, 13455, 299, 5535, 351, 4715, 369, 4485, 585, 2829, 621, 2665, 1107, 1495]
Omitted divisors: [69, 23985, 115, 14391, 135, 12259, 207, 7995, 369, 4485, 533, 3105, 585, 2829, 621, 2665, 1107, 1495]
Omitted divisors: [65, 25461, 117, 14145, 123, 13455, 299, 5535, 345, 4797, 585, 2829, 615, 2691, 621, 2665, 1107, 1495]
Omitted divisors: [117, 14145, 123, 13455, 135, 12259, 205, 8073, 299, 5535, 345, 4797, 369, 4485, 585, 2829, 615, 2691, 621, 2665, 1107, 1495]
Omitted divisors: [65, 25461, 115, 14391, 135, 12259, 205, 8073, 533, 3105, 585, 2829, 615, 2691, 621, 2665, 1107, 1495]
Omitted divisors: [65, 25461, 69, 23985, 195, 8487, 207, 7995, 345, 4797, 897, 1845, 1107, 1495]
Omitted divisors: [65, 25461, 69, 23985, 195, 8487, 205, 8073, 351, 4715, 897, 1845, 1107, 1495]
Omitted divisors: [69, 23985, 135, 12259, 195, 8487, 205, 8073, 207, 7995, 345, 4797, 369, 4485, 897, 1845, 1107, 1495]
Omitted divisors: [69, 23985, 117, 14145, 135, 12259, 299, 5535, 345, 4797, 351, 4715, 369, 4485, 897, 1845, 1107, 1495]
Omitted divisors: [45, 36777, 117, 14145, 195, 8487, 207, 7995, 533, 3105, 897, 1845, 1107, 1495]
Omitted divisors: [65, 25461, 115, 14391, 195, 8487, 205, 8073, 299, 5535, 345, 4797, 533, 3105, 897, 1845, 1107, 1495]
Omitted divisors: [41, 40365, 115, 14391, 207, 7995, 369, 4485, 533, 3105, 897, 1845, 1107, 1495]
Omitted divisors: [69, 23985, 115, 14391, 123, 13455, 299, 5535, 345, 4797, 369, 4485, 533, 3105, 897, 1845, 1107, 1495]
Omitted divisors: [117, 14145, 123, 13455, 135, 12259, 205, 8073, 299, 5535, 345, 4797, 351, 4715, 533, 3105, 585, 2829, 897, 1845, 1107, 1495]
Omitted divisors: [65, 25461, 123, 13455, 135, 12259, 207, 7995, 369, 4485, 533, 3105, 585, 2829, 897, 1845, 1107, 1495]
Omitted divisors: [65, 25461, 69, 23985, 123, 13455, 345, 4797, 615, 2691, 897, 1845, 1107, 1495]
Omitted divisors: [69, 23985, 123, 13455, 135, 12259, 205, 8073, 345, 4797, 369, 4485, 615, 2691, 897, 1845, 1107, 1495]
Omitted divisors: [45, 36777, 117, 14145, 123, 13455, 533, 3105, 615, 2691, 897, 1845, 1107, 1495]
Omitted divisors: [45, 36777, 115, 14391, 351, 4715, 369, 4485, 533, 3105, 585, 2829, 615, 2691, 897, 1845, 1107, 1495]
Omitted divisors: [45, 36777, 195, 8487, 207, 7995, 299, 5535, 345, 4797, 533, 3105, 621, 2665, 897, 1845, 1107, 1495]
Omitted divisors: [45, 36777, 195, 8487, 205, 8073, 299, 5535, 351, 4715, 533, 3105, 621, 2665, 897, 1845, 1107, 1495]
Omitted divisors: [45, 36777, 115, 14391, 123, 13455, 585, 2829, 621, 2665, 897, 1845, 1107, 1495]
Omitted divisors: [115, 14391, 117, 14145, 195, 8487, 205, 8073, 207, 7995, 299, 5535, 345, 4797, 585, 2829, 621, 2665, 897, 1845, 1107, 1495]
Omitted divisors: [115, 14391, 117, 14145, 135, 12259, 195, 8487, 345, 4797, 351, 4715, 369, 4485, 585, 2829, 621, 2665, 897, 1845, 1107, 1495]
Omitted divisors: [39, 42435, 117, 14145, 205, 8073, 615, 2691, 621, 2665, 897, 1845, 1107, 1495]
Omitted divisors: [45, 36777, 123, 13455, 299, 5535, 345, 4797, 533, 3105, 615, 2691, 621, 2665, 897, 1845, 1107, 1495]
Omitted divisors: [65, 25461, 195, 8487, 205, 8073, 207, 7995, 299, 5535, 369, 4485, 533, 3105, 615, 2691, 621, 2665, 897, 1845, 1107, 1495]
Omitted divisors: [69, 23985, 123, 13455, 195, 8487, 345, 4797, 351, 4715, 369, 4485, 533, 3105, 615, 2691, 621, 2665, 897, 1845, 1107, 1495]
Omitted divisors: [115, 14391, 117, 14145, 123, 13455, 205, 8073, 299, 5535, 345, 4797, 585, 2829, 615, 2691, 621, 2665, 897, 1845, 1107, 1495]
Omitted divisors: [41, 40365, 117, 14145, 207, 7995, 345, 4797, 533, 3105, 943, 1755, 1107, 1495]
Omitted divisors: [41, 40365, 117, 14145, 205, 8073, 351, 4715, 533, 3105, 943, 1755, 1107, 1495]
Omitted divisors: [65, 25461, 69, 23985, 123, 13455, 369, 4485, 533, 3105, 943, 1755, 1107, 1495]
Omitted divisors: [65, 25461, 117, 14145, 135, 12259, 299, 5535, 345, 4797, 369, 4485, 533, 3105, 943, 1755, 1107, 1495]
Omitted divisors: [45, 36777, 117, 14145, 345, 4797, 351, 4715, 533, 3105, 585, 2829, 615, 2691, 943, 1755, 1107, 1495]
Omitted divisors: [45, 36777, 205, 8073, 207, 7995, 345, 4797, 351, 4715, 369, 4485, 621, 2665, 943, 1755, 1107, 1495]
Omitted divisors: [41, 40365, 205, 8073, 299, 5535, 345, 4797, 351, 4715, 533, 3105, 621, 2665, 943, 1755, 1107, 1495]
Omitted divisors: [65, 25461, 117, 14145, 195, 8487, 205, 8073, 207, 7995, 585, 2829, 621, 2665, 943, 1755, 1107, 1495]
Omitted divisors: [69, 23985, 117, 14145, 123, 13455, 207, 7995, 369, 4485, 585, 2829, 621, 2665, 943, 1755, 1107, 1495]
Omitted divisors: [115, 14391, 117, 14145, 123, 13455, 205, 8073, 299, 5535, 369, 4485, 533, 3105, 585, 2829, 621, 2665, 943, 1755, 1107, 1495]
Omitted divisors: [65, 25461, 117, 14145, 123, 13455, 205, 8073, 585, 2829, 615, 2691, 621, 2665, 943, 1755, 1107, 1495]
Omitted divisors: [65, 25461, 69, 23985, 117, 14145, 351, 4715, 897, 1845, 943, 1755, 1107, 1495]
Omitted divisors: [69, 23985, 117, 14145, 135, 12259, 207, 7995, 345, 4797, 369, 4485, 897, 1845, 943, 1755, 1107, 1495]
Omitted divisors: [69, 23985, 117, 14145, 135, 12259, 205, 8073, 351, 4715, 369, 4485, 897, 1845, 943, 1755, 1107, 1495]
Omitted divisors: [65, 25461, 115, 14391, 117, 14145, 299, 5535, 345, 4797, 533, 3105, 897, 1845, 943, 1755, 1107, 1495]
Omitted divisors: [69, 23985, 115, 14391, 123, 13455, 205, 8073, 369, 4485, 533, 3105, 897, 1845, 943, 1755, 1107, 1495]
Omitted divisors: [115, 14391, 117, 14145, 135, 12259, 205, 8073, 299, 5535, 345, 4797, 369, 4485, 533, 3105, 897, 1845, 943, 1755, 1107, 1495]
Omitted divisors: [117, 14145, 123, 13455, 135, 12259, 205, 8073, 207, 7995, 345, 4797, 533, 3105, 585, 2829, 897, 1845, 943, 1755, 1107, 1495]
Omitted divisors: [65, 25461, 117, 14145, 135, 12259, 205, 8073, 345, 4797, 615, 2691, 897, 1845, 943, 1755, 1107, 1495]
Omitted divisors: [69, 23985, 135, 12259, 195, 8487, 205, 8073, 345, 4797, 533, 3105, 585, 2829, 615, 2691, 897, 1845, 943, 1755, 1107, 1495]
Omitted divisors: [65, 25461, 69, 23985, 299, 5535, 345, 4797, 351, 4715, 621, 2665, 897, 1845, 943, 1755, 1107, 1495]
Omitted divisors: [69, 23985, 135, 12259, 205, 8073, 299, 5535, 345, 4797, 351, 4715, 369, 4485, 621, 2665, 897, 1845, 943, 1755, 1107, 1495]
Omitted divisors: [45, 36777, 195, 8487, 205, 8073, 207, 7995, 533, 3105, 621, 2665, 897, 1845, 943, 1755, 1107, 1495]
Omitted divisors: [45, 36777, 117, 14145, 299, 5535, 351, 4715, 533, 3105, 621, 2665, 897, 1845, 943, 1755, 1107, 1495]
Omitted divisors: [45, 36777, 123, 13455, 205, 8073, 533, 3105, 615, 2691, 621, 2665, 897, 1845, 943, 1755, 1107, 1495]
Omitted divisors: [65, 25461, 117, 14145, 195, 8487, 345, 4797, 351, 4715, 533, 3105, 615, 2691, 621, 2665, 897, 1845, 943, 1755, 1107, 1495]
Omitted divisors: [65, 25461, 117, 14145, 207, 7995, 299, 5535, 369, 4485, 533, 3105, 615, 2691, 621, 2665, 897, 1845, 943, 1755, 1107, 1495]
Omitted divisors: [117, 14145, 135, 12259, 195, 8487, 205, 8073, 345, 4797, 351, 4715, 369, 4485, 533, 3105, 615, 2691, 621, 2665, 897, 1845, 943, 1755, 1107, 1495]
Omitted divisors: [65, 25461, 69, 23985, 123, 13455, 345, 4797, 585, 2829, 1035, 1599, 1107, 1495]
Omitted divisors: [69, 23985, 123, 13455, 135, 12259, 205, 8073, 345, 4797, 369, 4485, 585, 2829, 1035, 1599, 1107, 1495]
Omitted divisors: [45, 36777, 117, 14145, 123, 13455, 533, 3105, 585, 2829, 1035, 1599, 1107, 1495]
Omitted divisors: [65, 25461, 117, 14145, 123, 13455, 345, 4797, 351, 4715, 369, 4485, 621, 2665, 1035, 1599, 1107, 1495]
Omitted divisors: [39, 42435, 117, 14145, 205, 8073, 585, 2829, 621, 2665, 1035, 1599, 1107, 1495]
Omitted divisors: [45, 36777, 123, 13455, 299, 5535, 345, 4797, 533, 3105, 585, 2829, 621, 2665, 1035, 1599, 1107, 1495]
Omitted divisors: [65, 25461, 195, 8487, 205, 8073, 207, 7995, 299, 5535, 369, 4485, 533, 3105, 585, 2829, 621, 2665, 1035, 1599, 1107, 1495]
Omitted divisors: [69, 23985, 123, 13455, 195, 8487, 345, 4797, 351, 4715, 369, 4485, 533, 3105, 585, 2829, 621, 2665, 1035, 1599, 1107, 1495]
Omitted divisors: [69, 23985, 135, 12259, 205, 8073, 207, 7995, 345, 4797, 533, 3105, 585, 2829, 615, 2691, 621, 2665, 1035, 1599, 1107, 1495]
Omitted divisors: [65, 25461, 123, 13455, 205, 8073, 299, 5535, 369, 4485, 533, 3105, 585, 2829, 615, 2691, 621, 2665, 1035, 1599, 1107, 1495]
Omitted divisors: [65, 25461, 69, 23985, 299, 5535, 351, 4715, 369, 4485, 533, 3105, 897, 1845, 1035, 1599, 1107, 1495]
Omitted divisors: [69, 23985, 115, 14391, 123, 13455, 205, 8073, 345, 4797, 585, 2829, 897, 1845, 1035, 1599, 1107, 1495]
Omitted divisors: [65, 25461, 115, 14391, 135, 12259, 205, 8073, 369, 4485, 585, 2829, 897, 1845, 1035, 1599, 1107, 1495]
Omitted divisors: [41, 40365, 205, 8073, 207, 7995, 345, 4797, 533, 3105, 615, 2691, 897, 1845, 1035, 1599, 1107, 1495]
Omitted divisors: [65, 25461, 135, 12259, 205, 8073, 299, 5535, 345, 4797, 369, 4485, 533, 3105, 615, 2691, 897, 1845, 1035, 1599, 1107, 1495]
Omitted divisors: [115, 14391, 117, 14145, 123, 13455, 205, 8073, 345, 4797, 351, 4715, 369, 4485, 621, 2665, 897, 1845, 1035, 1599, 1107, 1495]
Omitted divisors: [65, 25461, 117, 14145, 123, 13455, 195, 8487, 533, 3105, 621, 2665, 897, 1845, 1035, 1599, 1107, 1495]
Omitted divisors: [117, 14145, 123, 13455, 135, 12259, 195, 8487, 205, 8073, 369, 4485, 533, 3105, 621, 2665, 897, 1845, 1035, 1599, 1107, 1495]
Omitted divisors: [45, 36777, 135, 12259, 207, 7995, 369, 4485, 585, 2829, 621, 2665, 897, 1845, 1035, 1599, 1107, 1495]
Omitted divisors: [69, 23985, 117, 14145, 207, 7995, 299, 5535, 351, 4715, 369, 4485, 585, 2829, 621, 2665, 897, 1845, 1035, 1599, 1107, 1495]
Omitted divisors: [41, 40365, 135, 12259, 299, 5535, 533, 3105, 585, 2829, 621, 2665, 897, 1845, 1035, 1599, 1107, 1495]
Omitted divisors: [65, 25461, 115, 14391, 195, 8487, 351, 4715, 369, 4485, 533, 3105, 585, 2829, 621, 2665, 897, 1845, 1035, 1599, 1107, 1495]
Omitted divisors: [65, 25461, 117, 14145, 207, 7995, 299, 5535, 345, 4797, 585, 2829, 615, 2691, 621, 2665, 897, 1845, 1035, 1599, 1107, 1495]
Omitted divisors: [65, 25461, 117, 14145, 205, 8073, 299, 5535, 351, 4715, 585, 2829, 615, 2691, 621, 2665, 897, 1845, 1035, 1599, 1107, 1495]
Omitted divisors: [69, 23985, 123, 13455, 205, 8073, 207, 7995, 369, 4485, 585, 2829, 615, 2691, 621, 2665, 897, 1845, 1035, 1599, 1107, 1495]
Omitted divisors: [117, 14145, 135, 12259, 205, 8073, 207, 7995, 299, 5535, 345, 4797, 369, 4485, 585, 2829, 615, 2691, 621, 2665, 897, 1845, 1035, 1599, 1107, 1495]
Omitted divisors: [65, 25461, 117, 14145, 135, 12259, 205, 8073, 345, 4797, 585, 2829, 943, 1755, 1035, 1599, 1107, 1495]
Omitted divisors: [45, 36777, 69, 23985, 369, 4485, 621, 2665, 943, 1755, 1035, 1599, 1107, 1495]
Omitted divisors: [45, 36777, 123, 13455, 205, 8073, 533, 3105, 585, 2829, 621, 2665, 943, 1755, 1035, 1599, 1107, 1495]
Omitted divisors: [65, 25461, 117, 14145, 195, 8487, 345, 4797, 351, 4715, 533, 3105, 585, 2829, 621, 2665, 943, 1755, 1035, 1599, 1107, 1495]
Omitted divisors: [65, 25461, 117, 14145, 207, 7995, 299, 5535, 369, 4485, 533, 3105, 585, 2829, 621, 2665, 943, 1755, 1035, 1599, 1107, 1495]
Omitted divisors: [117, 14145, 135, 12259, 195, 8487, 205, 8073, 345, 4797, 351, 4715, 369, 4485, 533, 3105, 585, 2829, 621, 2665, 943, 1755, 1035, 1599, 1107, 1495]
Omitted divisors: [69, 23985, 117, 14145, 205, 8073, 299, 5535, 345, 4797, 369, 4485, 615, 2691, 621, 2665, 943, 1755, 1035, 1599, 1107, 1495]
Omitted divisors: [45, 36777, 135, 12259, 205, 8073, 345, 4797, 533, 3105, 897, 1845, 943, 1755, 1035, 1599, 1107, 1495]
Omitted divisors: [69, 23985, 117, 14145, 205, 8073, 299, 5535, 345, 4797, 351, 4715, 533, 3105, 897, 1845, 943, 1755, 1035, 1599, 1107, 1495]
Omitted divisors: [65, 25461, 69, 23985, 207, 7995, 369, 4485, 533, 3105, 897, 1845, 943, 1755, 1035, 1599, 1107, 1495]
Omitted divisors: [115, 14391, 117, 14145, 195, 8487, 205, 8073, 345, 4797, 351, 4715, 533, 3105, 585, 2829, 621, 2665, 897, 1845, 943, 1755, 1035, 1599, 1107, 1495]
Omitted divisors: [115, 14391, 117, 14145, 205, 8073, 207, 7995, 299, 5535, 369, 4485, 533, 3105, 585, 2829, 621, 2665, 897, 1845, 943, 1755, 1035, 1599, 1107, 1495]
Omitted divisors: [65, 25461, 117, 14145, 205, 8073, 207, 7995, 585, 2829, 615, 2691, 621, 2665, 897, 1845, 943, 1755, 1035, 1599, 1107, 1495]


Number: 1752465
Number of solutions: 19
Omitted divisors: [129, 13585, 143, 12255, 195, 8987, 429, 4085, 627, 2795]
Omitted divisors: [143, 12255, 209, 8385, 215, 8151, 473, 3705, 627, 2795, 715, 2451, 741, 2365]
Omitted divisors: [143, 12255, 195, 8987, 209, 8385, 627, 2795, 645, 2717, 715, 2451, 741, 2365]
Omitted divisors: [95, 18447, 195, 8987, 215, 8151, 473, 3705, 817, 2145]
Omitted divisors: [195, 8987, 209, 8385, 215, 8151, 247, 7095, 627, 2795, 645, 2717, 817, 2145]
Omitted divisors: [143, 12255, 195, 8987, 215, 8151, 473, 3705, 627, 2795, 817, 2145, 1045, 1677]
Omitted divisors: [65, 26961, 285, 6149, 559, 3135, 627, 2795, 1235, 1419]
Omitted divisors: [129, 13585, 143, 12255, 429, 4085, 627, 2795, 645, 2717, 715, 2451, 1235, 1419]
Omitted divisors: [143, 12255, 195, 8987, 247, 7095, 429, 4085, 473, 3705, 817, 2145, 1235, 1419]
Omitted divisors: [95, 18447, 209, 8385, 559, 3135, 627, 2795, 645, 2717, 817, 2145, 1235, 1419]
Omitted divisors: [195, 8987, 247, 7095, 285, 6149, 473, 3705, 559, 3135, 627, 2795, 645, 2717, 817, 2145, 1235, 1419]
Omitted divisors: [95, 18447, 215, 8151, 473, 3705, 645, 2717, 715, 2451, 817, 2145, 1235, 1419]
Omitted divisors: [95, 18447, 215, 8151, 473, 3705, 627, 2795, 741, 2365, 817, 2145, 1235, 1419]
Omitted divisors: [95, 18447, 195, 8987, 627, 2795, 645, 2717, 741, 2365, 817, 2145, 1235, 1419]
Omitted divisors: [143, 12255, 195, 8987, 209, 8385, 429, 4085, 715, 2451, 1045, 1677, 1235, 1419]
Omitted divisors: [209, 8385, 215, 8151, 285, 6149, 473, 3705, 559, 3135, 627, 2795, 715, 2451, 1045, 1677, 1235, 1419]
Omitted divisors: [195, 8987, 209, 8385, 285, 6149, 559, 3135, 627, 2795, 645, 2717, 715, 2451, 1045, 1677, 1235, 1419]
Omitted divisors: [195, 8987, 215, 8151, 285, 6149, 473, 3705, 627, 2795, 715, 2451, 741, 2365, 1045, 1677, 1235, 1419]
Omitted divisors: [143, 12255, 215, 8151, 473, 3705, 627, 2795, 645, 2717, 715, 2451, 817, 2145, 1045, 1677, 1235, 1419]


Number: 1787805
Number of solutions: 24
Omitted divisors: [123, 14535, 135, 13243, 171, 10455, 459, 3895, 513, 3485, 765, 2337, 779, 2295]
Omitted divisors: [85, 21033, 95, 18819, 323, 5535, 459, 3895, 855, 2091]
Omitted divisors: [95, 18819, 171, 10455, 285, 6273, 323, 5535, 369, 4845, 779, 2295, 855, 2091]
Omitted divisors: [85, 21033, 171, 10455, 323, 5535, 369, 4845, 459, 3895, 779, 2295, 855, 2091]
Omitted divisors: [123, 14535, 255, 7011, 285, 6273, 323, 5535, 369, 4845, 459, 3895, 697, 2565, 779, 2295, 855, 2091]
Omitted divisors: [135, 13243, 171, 10455, 205, 8721, 459, 3895, 615, 2907, 697, 2565, 765, 2337, 779, 2295, 855, 2091]
Omitted divisors: [135, 13243, 205, 8721, 255, 7011, 323, 5535, 459, 3895, 513, 3485, 615, 2907, 779, 2295, 969, 1845]
Omitted divisors: [123, 14535, 255, 7011, 285, 6273, 323, 5535, 369, 4845, 459, 3895, 615, 2907, 855, 2091, 969, 1845]
Omitted divisors: [135, 13243, 153, 11685, 255, 7011, 459, 3895, 513, 3485, 615, 2907, 779, 2295, 855, 2091, 969, 1845]
Omitted divisors: [123, 14535, 135, 13243, 153, 11685, 513, 3485, 615, 2907, 779, 2295, 1107, 1615]
Omitted divisors: [51, 35055, 285, 6273, 323, 5535, 855, 2091, 1107, 1615]
Omitted divisors: [95, 18819, 205, 8721, 255, 7011, 285, 6273, 323, 5535, 855, 2091, 1107, 1615]
Omitted divisors: [85, 21033, 205, 8721, 255, 7011, 323, 5535, 459, 3895, 855, 2091, 1107, 1615]
Omitted divisors: [95, 18819, 153, 11685, 285, 6273, 323, 5535, 459, 3895, 855, 2091, 1107, 1615]
Omitted divisors: [95, 18819, 285, 6273, 323, 5535, 369, 4845, 459, 3895, 615, 2907, 765, 2337, 855, 2091, 1107, 1615]
Omitted divisors: [171, 10455, 205, 8721, 255, 7011, 285, 6273, 323, 5535, 369, 4845, 779, 2295, 855, 2091, 1107, 1615]
Omitted divisors: [153, 11685, 171, 10455, 285, 6273, 323, 5535, 369, 4845, 459, 3895, 779, 2295, 855, 2091, 1107, 1615]
Omitted divisors: [95, 18819, 135, 13243, 285, 6273, 323, 5535, 855, 2091, 969, 1845, 1107, 1615]
Omitted divisors: [85, 21033, 135, 13243, 323, 5535, 459, 3895, 855, 2091, 969, 1845, 1107, 1615]
Omitted divisors: [123, 14535, 171, 10455, 323, 5535, 369, 4845, 459, 3895, 513, 3485, 855, 2091, 969, 1845, 1107, 1615]
Omitted divisors: [95, 18819, 255, 7011, 323, 5535, 369, 4845, 459, 3895, 765, 2337, 855, 2091, 969, 1845, 1107, 1615]
Omitted divisors: [85, 21033, 123, 14535, 323, 5535, 779, 2295, 855, 2091, 969, 1845, 1107, 1615]
Omitted divisors: [135, 13243, 171, 10455, 285, 6273, 323, 5535, 369, 4845, 779, 2295, 855, 2091, 969, 1845, 1107, 1615]
Omitted divisors: [57, 31365, 323, 5535, 459, 3895, 779, 2295, 855, 2091, 969, 1845, 1107, 1615]


Number: 1793505
Number of solutions: 150
Omitted divisors: [57, 31465, 87, 20615, 105, 17081, 155, 11571, 203, 8835, 399, 4495, 465, 3857]
Omitted divisors: [31, 57855, 105, 17081, 155, 11571, 203, 8835, 609, 2945]
Omitted divisors: [57, 31465, 105, 17081, 133, 13485, 145, 12369, 217, 8265, 435, 4123, 465, 3857, 589, 3045, 609, 2945]
Omitted divisors: [57, 31465, 93, 19285, 95, 18879, 145, 12369, 203, 8835, 435, 4123, 651, 2755]
Omitted divisors: [35, 51243, 105, 17081, 155, 11571, 285, 6293, 399, 4495, 465, 3857, 651, 2755]
Omitted divisors: [57, 31465, 95, 18879, 105, 17081, 203, 8835, 285, 6293, 435, 4123, 465, 3857, 551, 3255, 651, 2755]
Omitted divisors: [57, 31465, 95, 18879, 105, 17081, 155, 11571, 399, 4495, 465, 3857, 551, 3255, 609, 2945, 651, 2755]
Omitted divisors: [35, 51243, 145, 12369, 203, 8835, 285, 6293, 399, 4495, 465, 3857, 551, 3255, 609, 2945, 651, 2755]
Omitted divisors: [35, 51243, 145, 12369, 155, 11571, 203, 8835, 285, 6293, 399, 4495, 665, 2697]
Omitted divisors: [57, 31465, 87, 20615, 105, 17081, 203, 8835, 399, 4495, 435, 4123, 465, 3857, 551, 3255, 665, 2697]
Omitted divisors: [35, 51243, 155, 11571, 203, 8835, 285, 6293, 399, 4495, 435, 4123, 465, 3857, 589, 3045, 665, 2697]
Omitted divisors: [57, 31465, 95, 18879, 145, 12369, 155, 11571, 203, 8835, 399, 4495, 551, 3255, 609, 2945, 665, 2697]
Omitted divisors: [31, 57855, 105, 17081, 203, 8835, 435, 4123, 551, 3255, 609, 2945, 665, 2697]
Omitted divisors: [57, 31465, 95, 18879, 155, 11571, 203, 8835, 399, 4495, 435, 4123, 465, 3857, 551, 3255, 589, 3045, 609, 2945, 665, 2697]
Omitted divisors: [35, 51243, 93, 19285, 145, 12369, 399, 4495, 435, 4123, 651, 2755, 665, 2697]
Omitted divisors: [87, 20615, 93, 19285, 95, 18879, 155, 11571, 203, 8835, 217, 8265, 465, 3857, 651, 2755, 665, 2697]
Omitted divisors: [87, 20615, 105, 17081, 133, 13485, 155, 11571, 203, 8835, 285, 6293, 399, 4495, 435, 4123, 465, 3857, 651, 2755, 665, 2697]
Omitted divisors: [93, 19285, 95, 18879, 105, 17081, 145, 12369, 155, 11571, 203, 8835, 551, 3255, 651, 2755, 665, 2697]
Omitted divisors: [35, 51243, 87, 20615, 145, 12369, 465, 3857, 551, 3255, 651, 2755, 665, 2697]
Omitted divisors: [87, 20615, 93, 19285, 145, 12369, 155, 11571, 203, 8835, 285, 6293, 435, 4123, 465, 3857, 551, 3255, 651, 2755, 665, 2697]
Omitted divisors: [35, 51243, 105, 17081, 285, 6293, 399, 4495, 435, 4123, 465, 3857, 551, 3255, 651, 2755, 665, 2697]
Omitted divisors: [93, 19285, 95, 18879, 105, 17081, 155, 11571, 203, 8835, 435, 4123, 465, 3857, 551, 3255, 589, 3045, 651, 2755, 665, 2697]
Omitted divisors: [87, 20615, 95, 18879, 105, 17081, 155, 11571, 217, 8265, 435, 4123, 551, 3255, 589, 3045, 609, 2945, 651, 2755, 665, 2697]
Omitted divisors: [95, 18879, 105, 17081, 145, 12369, 155, 11571, 203, 8835, 217, 8265, 285, 6293, 435, 4123, 551, 3255, 589, 3045, 899, 1995]
Omitted divisors: [57, 31465, 87, 20615, 155, 11571, 203, 8835, 217, 8265, 285, 6293, 399, 4495, 609, 2945, 899, 1995]
Omitted divisors: [57, 31465, 87, 20615, 95, 18879, 105, 17081, 435, 4123, 609, 2945, 899, 1995]
Omitted divisors: [35, 51243, 133, 13485, 145, 12369, 155, 11571, 551, 3255, 609, 2945, 899, 1995]
Omitted divisors: [57, 31465, 87, 20615, 145, 12369, 155, 11571, 203, 8835, 551, 3255, 589, 3045, 609, 2945, 899, 1995]
Omitted divisors: [57, 31465, 105, 17081, 155, 11571, 203, 8835, 285, 6293, 399, 4495, 435, 4123, 551, 3255, 589, 3045, 609, 2945, 899, 1995]
Omitted divisors: [35, 51243, 133, 13485, 155, 11571, 435, 4123, 465, 3857, 551, 3255, 589, 3045, 609, 2945, 899, 1995]
Omitted divisors: [87, 20615, 93, 19285, 105, 17081, 155, 11571, 203, 8835, 217, 8265, 285, 6293, 651, 2755, 899, 1995]
Omitted divisors: [57, 31465, 93, 19285, 133, 13485, 155, 11571, 217, 8265, 435, 4123, 551, 3255, 651, 2755, 899, 1995]
Omitted divisors: [57, 31465, 87, 20615, 93, 19285, 217, 8265, 399, 4495, 435, 4123, 609, 2945, 651, 2755, 899, 1995]
Omitted divisors: [35, 51243, 145, 12369, 155, 11571, 285, 6293, 551, 3255, 589, 3045, 609, 2945, 651, 2755, 899, 1995]
Omitted divisors: [93, 19285, 95, 18879, 145, 12369, 155, 11571, 203, 8835, 217, 8265, 399, 4495, 465, 3857, 551, 3255, 665, 2697, 899, 1995]
Omitted divisors: [35, 51243, 87, 20615, 203, 8835, 217, 8265, 589, 3045, 665, 2697, 899, 1995]
Omitted divisors: [57, 31465, 87, 20615, 105, 17081, 155, 11571, 435, 4123, 551, 3255, 589, 3045, 665, 2697, 899, 1995]
Omitted divisors: [93, 19285, 95, 18879, 133, 13485, 155, 11571, 203, 8835, 217, 8265, 435, 4123, 551, 3255, 609, 2945, 665, 2697, 899, 1995]
Omitted divisors: [57, 31465, 87, 20615, 203, 8835, 217, 8265, 285, 6293, 399, 4495, 435, 4123, 551, 3255, 609, 2945, 665, 2697, 899, 1995]
Omitted divisors: [35, 51243, 133, 13485, 203, 8835, 285, 6293, 399, 4495, 465, 3857, 651, 2755, 665, 2697, 899, 1995]
Omitted divisors: [29, 61845, 95, 18879, 435, 4123, 465, 3857, 651, 2755, 665, 2697, 899, 1995]
Omitted divisors: [87, 20615, 95, 18879, 105, 17081, 145, 12369, 285, 6293, 399, 4495, 435, 4123, 465, 3857, 651, 2755, 665, 2697, 899, 1995]
Omitted divisors: [87, 20615, 93, 19285, 105, 17081, 203, 8835, 217, 8265, 285, 6293, 435, 4123, 551, 3255, 651, 2755, 665, 2697, 899, 1995]
Omitted divisors: [57, 31465, 93, 19285, 95, 18879, 155, 11571, 465, 3857, 551, 3255, 651, 2755, 665, 2697, 899, 1995]
Omitted divisors: [87, 20615, 93, 19285, 105, 17081, 155, 11571, 217, 8265, 399, 4495, 551, 3255, 609, 2945, 651, 2755, 665, 2697, 899, 1995]
Omitted divisors: [57, 31465, 95, 18879, 133, 13485, 203, 8835, 399, 4495, 465, 3857, 551, 3255, 609, 2945, 651, 2755, 665, 2697, 899, 1995]
Omitted divisors: [87, 20615, 95, 18879, 133, 13485, 155, 11571, 203, 8835, 217, 8265, 589, 3045, 609, 2945, 651, 2755, 665, 2697, 899, 1995]
Omitted divisors: [35, 51243, 95, 18879, 217, 8265, 551, 3255, 589, 3045, 609, 2945, 651, 2755, 665, 2697, 899, 1995]
Omitted divisors: [87, 20615, 133, 13485, 145, 12369, 155, 11571, 203, 8835, 285, 6293, 435, 4123, 551, 3255, 589, 3045, 609, 2945, 651, 2755, 665, 2697, 899, 1995]
Omitted divisors: [93, 19285, 95, 18879, 155, 11571, 203, 8835, 217, 8265, 285, 6293, 435, 4123, 551, 3255, 589, 3045, 609, 2945, 651, 2755, 665, 2697, 899, 1995]
Omitted divisors: [35, 51243, 93, 19285, 133, 13485, 399, 4495, 551, 3255, 589, 3045, 1015, 1767]
Omitted divisors: [57, 31465, 95, 18879, 133, 13485, 155, 11571, 217, 8265, 435, 4123, 465, 3857, 651, 2755, 1015, 1767]
Omitted divisors: [93, 19285, 105, 17081, 133, 13485, 155, 11571, 203, 8835, 217, 8265, 399, 4495, 435, 4123, 465, 3857, 651, 2755, 1015, 1767]
Omitted divisors: [87, 20615, 95, 18879, 133, 13485, 145, 12369, 217, 8265, 285, 6293, 399, 4495, 551, 3255, 589, 3045, 651, 2755, 1015, 1767]
Omitted divisors: [57, 31465, 95, 18879, 105, 17081, 145, 12369, 399, 4495, 435, 4123, 609, 2945, 651, 2755, 1015, 1767]
Omitted divisors: [87, 20615, 93, 19285, 95, 18879, 155, 11571, 285, 6293, 399, 4495, 551, 3255, 589, 3045, 609, 2945, 665, 2697, 1015, 1767]
Omitted divisors: [57, 31465, 87, 20615, 145, 12369, 155, 11571, 217, 8265, 399, 4495, 651, 2755, 665, 2697, 1015, 1767]
Omitted divisors: [57, 31465, 93, 19285, 133, 13485, 155, 11571, 203, 8835, 435, 4123, 651, 2755, 665, 2697, 1015, 1767]
Omitted divisors: [87, 20615, 95, 18879, 105, 17081, 203, 8835, 217, 8265, 285, 6293, 435, 4123, 465, 3857, 651, 2755, 665, 2697, 1015, 1767]
Omitted divisors: [35, 51243, 145, 12369, 203, 8835, 217, 8265, 399, 4495, 589, 3045, 651, 2755, 665, 2697, 1015, 1767]
Omitted divisors: [57, 31465, 87, 20615, 155, 11571, 217, 8265, 399, 4495, 435, 4123, 465, 3857, 589, 3045, 651, 2755, 665, 2697, 1015, 1767]
Omitted divisors: [57, 31465, 105, 17081, 145, 12369, 155, 11571, 399, 4495, 435, 4123, 551, 3255, 589, 3045, 651, 2755, 665, 2697, 1015, 1767]
Omitted divisors: [87, 20615, 95, 18879, 105, 17081, 155, 11571, 217, 8265, 399, 4495, 465, 3857, 609, 2945, 651, 2755, 665, 2697, 1015, 1767]
Omitted divisors: [29, 61845, 155, 11571, 435, 4123, 465, 3857, 551, 3255, 609, 2945, 651, 2755, 665, 2697, 1015, 1767]
Omitted divisors: [87, 20615, 105, 17081, 145, 12369, 155, 11571, 285, 6293, 399, 4495, 435, 4123, 465, 3857, 551, 3255, 609, 2945, 651, 2755, 665, 2697, 1015, 1767]
Omitted divisors: [31, 57855, 155, 11571, 217, 8265, 435, 4123, 589, 3045, 609, 2945, 651, 2755, 665, 2697, 1015, 1767]
Omitted divisors: [95, 18879, 105, 17081, 145, 12369, 155, 11571, 203, 8835, 217, 8265, 285, 6293, 399, 4495, 465, 3857, 899, 1995, 1015, 1767]
Omitted divisors: [87, 20615, 93, 19285, 95, 18879, 133, 13485, 145, 12369, 399, 4495, 589, 3045, 899, 1995, 1015, 1767]
Omitted divisors: [87, 20615, 95, 18879, 105, 17081, 133, 13485, 285, 6293, 399, 4495, 465, 3857, 551, 3255, 589, 3045, 899, 1995, 1015, 1767]
Omitted divisors: [95, 18879, 105, 17081, 133, 13485, 155, 11571, 203, 8835, 217, 8265, 285, 6293, 435, 4123, 609, 2945, 899, 1995, 1015, 1767]
Omitted divisors: [87, 20615, 93, 19285, 105, 17081, 155, 11571, 217, 8265, 435, 4123, 465, 3857, 551, 3255, 609, 2945, 899, 1995, 1015, 1767]
Omitted divisors: [57, 31465, 95, 18879, 105, 17081, 155, 11571, 285, 6293, 465, 3857, 651, 2755, 899, 1995, 1015, 1767]
Omitted divisors: [93, 19285, 95, 18879, 105, 17081, 145, 12369, 217, 8265, 399, 4495, 435, 4123, 465, 3857, 651, 2755, 899, 1995, 1015, 1767]
Omitted divisors: [57, 31465, 95, 18879, 145, 12369, 203, 8835, 285, 6293, 465, 3857, 551, 3255, 609, 2945, 651, 2755, 899, 1995, 1015, 1767]
Omitted divisors: [93, 19285, 133, 13485, 145, 12369, 155, 11571, 203, 8835, 217, 8265, 435, 4123, 551, 3255, 589, 3045, 609, 2945, 651, 2755, 899, 1995, 1015, 1767]
Omitted divisors: [57, 31465, 95, 18879, 145, 12369, 155, 11571, 203, 8835, 285, 6293, 665, 2697, 899, 1995, 1015, 1767]
Omitted divisors: [57, 31465, 87, 20615, 105, 17081, 155, 11571, 399, 4495, 465, 3857, 665, 2697, 899, 1995, 1015, 1767]
Omitted divisors: [95, 18879, 105, 17081, 145, 12369, 203, 8835, 217, 8265, 285, 6293, 399, 4495, 435, 4123, 465, 3857, 551, 3255, 665, 2697, 899, 1995, 1015, 1767]
Omitted divisors: [35, 51243, 105, 17081, 203, 8835, 399, 4495, 465, 3857, 589, 3045, 665, 2697, 899, 1995, 1015, 1767]
Omitted divisors: [57, 31465, 95, 18879, 155, 11571, 203, 8835, 285, 6293, 435, 4123, 465, 3857, 589, 3045, 665, 2697, 899, 1995, 1015, 1767]
Omitted divisors: [31, 57855, 105, 17081, 155, 11571, 609, 2945, 665, 2697, 899, 1995, 1015, 1767]
Omitted divisors: [57, 31465, 87, 20615, 145, 12369, 203, 8835, 399, 4495, 465, 3857, 551, 3255, 609, 2945, 665, 2697, 899, 1995, 1015, 1767]
Omitted divisors: [87, 20615, 105, 17081, 155, 11571, 203, 8835, 217, 8265, 285, 6293, 399, 4495, 435, 4123, 589, 3045, 609, 2945, 665, 2697, 899, 1995, 1015, 1767]
Omitted divisors: [57, 31465, 93, 19285, 95, 18879, 145, 12369, 435, 4123, 651, 2755, 665, 2697, 899, 1995, 1015, 1767]
Omitted divisors: [87, 20615, 93, 19285, 105, 17081, 145, 12369, 203, 8835, 465, 3857, 551, 3255, 651, 2755, 665, 2697, 899, 1995, 1015, 1767]
Omitted divisors: [57, 31465, 95, 18879, 105, 17081, 285, 6293, 435, 4123, 465, 3857, 551, 3255, 651, 2755, 665, 2697, 899, 1995, 1015, 1767]
Omitted divisors: [57, 31465, 133, 13485, 145, 12369, 155, 11571, 203, 8835, 399, 4495, 589, 3045, 651, 2755, 665, 2697, 899, 1995, 1015, 1767]
Omitted divisors: [87, 20615, 133, 13485, 145, 12369, 155, 11571, 203, 8835, 285, 6293, 399, 4495, 465, 3857, 609, 2945, 651, 2755, 665, 2697, 899, 1995, 1015, 1767]
Omitted divisors: [93, 19285, 95, 18879, 155, 11571, 203, 8835, 217, 8265, 285, 6293, 399, 4495, 465, 3857, 609, 2945, 651, 2755, 665, 2697, 899, 1995, 1015, 1767]
Omitted divisors: [35, 51243, 145, 12369, 285, 6293, 399, 4495, 465, 3857, 551, 3255, 609, 2945, 651, 2755, 665, 2697, 899, 1995, 1015, 1767]
Omitted divisors: [95, 18879, 105, 17081, 133, 13485, 155, 11571, 203, 8835, 399, 4495, 465, 3857, 589, 3045, 609, 2945, 651, 2755, 665, 2697, 899, 1995, 1015, 1767]
Omitted divisors: [93, 19285, 95, 18879, 145, 12369, 155, 11571, 203, 8835, 465, 3857, 551, 3255, 589, 3045, 609, 2945, 651, 2755, 665, 2697, 899, 1995, 1015, 1767]
Omitted divisors: [35, 51243, 95, 18879, 203, 8835, 217, 8265, 435, 4123, 465, 3857, 1085, 1653]
Omitted divisors: [87, 20615, 93, 19285, 95, 18879, 133, 13485, 203, 8835, 285, 6293, 435, 4123, 551, 3255, 1085, 1653]
Omitted divisors: [87, 20615, 93, 19285, 95, 18879, 133, 13485, 155, 11571, 399, 4495, 551, 3255, 609, 2945, 1085, 1653]
Omitted divisors: [35, 51243, 145, 12369, 155, 11571, 399, 4495, 435, 4123, 465, 3857, 551, 3255, 609, 2945, 1085, 1653]
Omitted divisors: [87, 20615, 93, 19285, 95, 18879, 155, 11571, 285, 6293, 399, 4495, 551, 3255, 589, 3045, 609, 2945, 651, 2755, 1085, 1653]
Omitted divisors: [87, 20615, 95, 18879, 145, 12369, 155, 11571, 203, 8835, 217, 8265, 399, 4495, 609, 2945, 651, 2755, 665, 2697, 1085, 1653]
Omitted divisors: [87, 20615, 95, 18879, 155, 11571, 203, 8835, 217, 8265, 399, 4495, 435, 4123, 465, 3857, 589, 3045, 609, 2945, 651, 2755, 665, 2697, 1085, 1653]
Omitted divisors: [95, 18879, 105, 17081, 145, 12369, 155, 11571, 203, 8835, 399, 4495, 435, 4123, 551, 3255, 589, 3045, 609, 2945, 651, 2755, 665, 2697, 1085, 1653]
Omitted divisors: [57, 31465, 95, 18879, 133, 13485, 155, 11571, 203, 8835, 435, 4123, 465, 3857, 899, 1995, 1085, 1653]
Omitted divisors: [87, 20615, 95, 18879, 133, 13485, 145, 12369, 203, 8835, 285, 6293, 399, 4495, 551, 3255, 589, 3045, 899, 1995, 1085, 1653]
Omitted divisors: [87, 20615, 105, 17081, 133, 13485, 155, 11571, 203, 8835, 217, 8265, 399, 4495, 435, 4123, 609, 2945, 899, 1995, 1085, 1653]
Omitted divisors: [87, 20615, 93, 19285, 145, 12369, 155, 11571, 203, 8835, 217, 8265, 435, 4123, 551, 3255, 609, 2945, 899, 1995, 1085, 1653]
Omitted divisors: [35, 51243, 105, 17081, 217, 8265, 399, 4495, 435, 4123, 551, 3255, 609, 2945, 899, 1995, 1085, 1653]
Omitted divisors: [57, 31465, 95, 18879, 145, 12369, 155, 11571, 203, 8835, 285, 6293, 651, 2755, 899, 1995, 1085, 1653]
Omitted divisors: [57, 31465, 87, 20615, 105, 17081, 155, 11571, 399, 4495, 465, 3857, 651, 2755, 899, 1995, 1085, 1653]
Omitted divisors: [95, 18879, 105, 17081, 145, 12369, 203, 8835, 217, 8265, 285, 6293, 399, 4495, 435, 4123, 465, 3857, 551, 3255, 651, 2755, 899, 1995, 1085, 1653]
Omitted divisors: [35, 51243, 105, 17081, 203, 8835, 399, 4495, 465, 3857, 589, 3045, 651, 2755, 899, 1995, 1085, 1653]
Omitted divisors: [57, 31465, 95, 18879, 155, 11571, 203, 8835, 285, 6293, 435, 4123, 465, 3857, 589, 3045, 651, 2755, 899, 1995, 1085, 1653]
Omitted divisors: [31, 57855, 105, 17081, 155, 11571, 609, 2945, 651, 2755, 899, 1995, 1085, 1653]
Omitted divisors: [57, 31465, 87, 20615, 145, 12369, 203, 8835, 399, 4495, 465, 3857, 551, 3255, 609, 2945, 651, 2755, 899, 1995, 1085, 1653]
Omitted divisors: [87, 20615, 105, 17081, 155, 11571, 203, 8835, 217, 8265, 285, 6293, 399, 4495, 435, 4123, 589, 3045, 609, 2945, 651, 2755, 899, 1995, 1085, 1653]
Omitted divisors: [57, 31465, 87, 20615, 145, 12369, 155, 11571, 203, 8835, 399, 4495, 665, 2697, 899, 1995, 1085, 1653]
Omitted divisors: [35, 51243, 133, 13485, 155, 11571, 399, 4495, 435, 4123, 465, 3857, 665, 2697, 899, 1995, 1085, 1653]
Omitted divisors: [57, 31465, 87, 20615, 155, 11571, 203, 8835, 399, 4495, 435, 4123, 465, 3857, 589, 3045, 665, 2697, 899, 1995, 1085, 1653]
Omitted divisors: [87, 20615, 95, 18879, 105, 17081, 155, 11571, 203, 8835, 399, 4495, 465, 3857, 609, 2945, 665, 2697, 899, 1995, 1085, 1653]
Omitted divisors: [31, 57855, 155, 11571, 203, 8835, 435, 4123, 589, 3045, 609, 2945, 665, 2697, 899, 1995, 1085, 1653]
Omitted divisors: [35, 51243, 145, 12369, 155, 11571, 285, 6293, 399, 4495, 651, 2755, 665, 2697, 899, 1995, 1085, 1653]
Omitted divisors: [57, 31465, 95, 18879, 145, 12369, 203, 8835, 285, 6293, 435, 4123, 551, 3255, 651, 2755, 665, 2697, 899, 1995, 1085, 1653]
Omitted divisors: [57, 31465, 87, 20615, 105, 17081, 399, 4495, 435, 4123, 465, 3857, 551, 3255, 651, 2755, 665, 2697, 899, 1995, 1085, 1653]
Omitted divisors: [35, 51243, 155, 11571, 285, 6293, 399, 4495, 435, 4123, 465, 3857, 589, 3045, 651, 2755, 665, 2697, 899, 1995, 1085, 1653]
Omitted divisors: [57, 31465, 95, 18879, 145, 12369, 155, 11571, 399, 4495, 551, 3255, 609, 2945, 651, 2755, 665, 2697, 899, 1995, 1085, 1653]
Omitted divisors: [31, 57855, 105, 17081, 435, 4123, 551, 3255, 609, 2945, 651, 2755, 665, 2697, 899, 1995, 1085, 1653]
Omitted divisors: [57, 31465, 95, 18879, 155, 11571, 399, 4495, 435, 4123, 465, 3857, 551, 3255, 589, 3045, 609, 2945, 651, 2755, 665, 2697, 899, 1995, 1085, 1653]
Omitted divisors: [29, 61845, 95, 18879, 399, 4495, 465, 3857, 551, 3255, 1015, 1767, 1085, 1653]
Omitted divisors: [31, 57855, 95, 18879, 217, 8265, 399, 4495, 589, 3045, 1015, 1767, 1085, 1653]
Omitted divisors: [31, 57855, 145, 12369, 285, 6293, 399, 4495, 435, 4123, 551, 3255, 589, 3045, 1015, 1767, 1085, 1653]
Omitted divisors: [87, 20615, 95, 18879, 145, 12369, 155, 11571, 203, 8835, 217, 8265, 435, 4123, 465, 3857, 609, 2945, 1015, 1767, 1085, 1653]
Omitted divisors: [87, 20615, 95, 18879, 105, 17081, 133, 13485, 285, 6293, 399, 4495, 435, 4123, 551, 3255, 609, 2945, 1015, 1767, 1085, 1653]
Omitted divisors: [87, 20615, 93, 19285, 105, 17081, 155, 11571, 203, 8835, 435, 4123, 465, 3857, 609, 2945, 651, 2755, 1015, 1767, 1085, 1653]
Omitted divisors: [35, 51243, 105, 17081, 203, 8835, 399, 4495, 435, 4123, 609, 2945, 665, 2697, 1015, 1767, 1085, 1653]
Omitted divisors: [35, 51243, 155, 11571, 203, 8835, 217, 8265, 285, 6293, 651, 2755, 665, 2697, 1015, 1767, 1085, 1653]
Omitted divisors: [57, 31465, 95, 18879, 155, 11571, 203, 8835, 217, 8265, 551, 3255, 609, 2945, 651, 2755, 665, 2697, 1015, 1767, 1085, 1653]
Omitted divisors: [87, 20615, 93, 19285, 95, 18879, 133, 13485, 155, 11571, 285, 6293, 899, 1995, 1015, 1767, 1085, 1653]
Omitted divisors: [35, 51243, 145, 12369, 155, 11571, 285, 6293, 435, 4123, 465, 3857, 899, 1995, 1015, 1767, 1085, 1653]
Omitted divisors: [57, 31465, 105, 17081, 155, 11571, 203, 8835, 217, 8265, 399, 4495, 465, 3857, 551, 3255, 899, 1995, 1015, 1767, 1085, 1653]
Omitted divisors: [57, 31465, 95, 18879, 145, 12369, 155, 11571, 435, 4123, 465, 3857, 551, 3255, 609, 2945, 899, 1995, 1015, 1767, 1085, 1653]
Omitted divisors: [93, 19285, 105, 17081, 145, 12369, 155, 11571, 203, 8835, 399, 4495, 435, 4123, 465, 3857, 551, 3255, 609, 2945, 899, 1995, 1015, 1767, 1085, 1653]
Omitted divisors: [35, 51243, 93, 19285, 203, 8835, 465, 3857, 609, 2945, 651, 2755, 899, 1995, 1015, 1767, 1085, 1653]
Omitted divisors: [95, 18879, 105, 17081, 133, 13485, 145, 12369, 203, 8835, 435, 4123, 465, 3857, 551, 3255, 609, 2945, 651, 2755, 899, 1995, 1015, 1767, 1085, 1653]
Omitted divisors: [87, 20615, 105, 17081, 145, 12369, 155, 11571, 203, 8835, 399, 4495, 465, 3857, 589, 3045, 609, 2945, 651, 2755, 899, 1995, 1015, 1767, 1085, 1653]
Omitted divisors: [95, 18879, 105, 17081, 133, 13485, 145, 12369, 155, 11571, 203, 8835, 435, 4123, 665, 2697, 899, 1995, 1015, 1767, 1085, 1653]
Omitted divisors: [35, 51243, 95, 18879, 217, 8265, 435, 4123, 465, 3857, 665, 2697, 899, 1995, 1015, 1767, 1085, 1653]
Omitted divisors: [87, 20615, 93, 19285, 95, 18879, 133, 13485, 285, 6293, 435, 4123, 551, 3255, 665, 2697, 899, 1995, 1015, 1767, 1085, 1653]
Omitted divisors: [93, 19285, 133, 13485, 145, 12369, 155, 11571, 203, 8835, 217, 8265, 399, 4495, 435, 4123, 651, 2755, 665, 2697, 899, 1995, 1015, 1767, 1085, 1653]
Omitted divisors: [87, 20615, 133, 13485, 145, 12369, 155, 11571, 203, 8835, 217, 8265, 465, 3857, 551, 3255, 651, 2755, 665, 2697, 899, 1995, 1015, 1767, 1085, 1653]
Omitted divisors: [105, 17081, 133, 13485, 155, 11571, 203, 8835, 217, 8265, 285, 6293, 399, 4495, 435, 4123, 465, 3857, 551, 3255, 651, 2755, 665, 2697, 899, 1995, 1015, 1767, 1085, 1653]
Omitted divisors: [95, 18879, 105, 17081, 145, 12369, 155, 11571, 203, 8835, 285, 6293, 435, 4123, 589, 3045, 651, 2755, 665, 2697, 899, 1995, 1015, 1767, 1085, 1653]
Omitted divisors: [87, 20615, 105, 17081, 145, 12369, 203, 8835, 399, 4495, 435, 4123, 465, 3857, 551, 3255, 589, 3045, 609, 2945, 651, 2755, 665, 2697, 899, 1995, 1015, 1767, 1085, 1653]


Number: 1810809
Number of solutions: 6
Omitted divisors: [143, 12663, 273, 6633, 297, 6097, 429, 4221, 693, 2613]
Omitted divisors: [117, 15477, 273, 6633, 429, 4221, 603, 3003, 693, 2613]
Omitted divisors: [231, 7839, 273, 6633, 429, 4221, 469, 3861, 603, 3003, 693, 2613, 737, 2457]
Omitted divisors: [189, 9581, 273, 6633, 469, 3861, 603, 3003, 693, 2613, 737, 2457, 871, 2079]
Omitted divisors: [189, 9581, 297, 6097, 429, 4221, 469, 3861, 737, 2457, 819, 2211, 1287, 1407]
Omitted divisors: [117, 15477, 189, 9581, 737, 2457, 1001, 1809, 1287, 1407]


Number: 1828845
Number of solutions: 6
Omitted divisors: [345, 5301, 437, 4185, 465, 3933, 513, 3565, 589, 3105, 713, 2565, 855, 2139]
Omitted divisors: [285, 6417, 465, 3933, 513, 3565, 589, 3105, 621, 2945, 713, 2565, 855, 2139]
Omitted divisors: [285, 6417, 437, 4185, 465, 3933, 589, 3105, 713, 2565, 837, 2185, 855, 2139]
Omitted divisors: [285, 6417, 345, 5301, 589, 3105, 621, 2945, 713, 2565, 837, 2185, 1035, 1767]
Omitted divisors: [345, 5301, 437, 4185, 465, 3933, 513, 3565, 589, 3105, 621, 2945, 1311, 1395]
Omitted divisors: [285, 6417, 437, 4185, 465, 3933, 589, 3105, 621, 2945, 837, 2185, 1311, 1395]


Number: 1915485
Number of solutions: 2
Omitted divisors: [195, 9823, 235, 8151, 247, 7755, 611, 3135, 715, 2679, 741, 2585, 1045, 1833]
Omitted divisors: [195, 9823, 235, 8151, 247, 7755, 611, 3135, 627, 3055, 893, 2145, 1045, 1833]


Number: 1953045
Number of solutions: 10
Omitted divisors: [115, 16983, 153, 12765, 629, 3105]
Omitted divisors: [153, 12765, 255, 7659, 345, 5661, 621, 3145, 851, 2295]
Omitted divisors: [115, 16983, 345, 5661, 621, 3145, 629, 3105, 851, 2295]
Omitted divisors: [153, 12765, 255, 7659, 333, 5865, 621, 3145, 999, 1955]
Omitted divisors: [115, 16983, 333, 5865, 621, 3145, 629, 3105, 999, 1955]
Omitted divisors: [111, 17595, 345, 5661, 621, 3145, 765, 2553, 999, 1955]
Omitted divisors: [185, 10557, 345, 5661, 555, 3519, 629, 3105, 765, 2553, 999, 1955, 1035, 1887]
Omitted divisors: [153, 12765, 255, 7659, 345, 5661, 555, 3519, 1173, 1665]
Omitted divisors: [115, 16983, 345, 5661, 555, 3519, 629, 3105, 1173, 1665]
Omitted divisors: [255, 7659, 333, 5865, 345, 5661, 555, 3519, 621, 3145, 999, 1955, 1173, 1665]


